Mean,Median,Std,Years,Month,grid
-0.08709677419354851,0.7,3.7955888375396922,1901.0,1.0,1901.0
-2.2392857142857148,-1.75,3.666296878900126,1901.0,2.0,1901.0833333333333
3.8129032258064517,3.2,3.241578004150023,1901.0,3.0,1901.1666666666667
9.87,10.25,3.239109072909848,1901.0,4.0,1901.25
14.041935483870967,15.0,3.597848819646576,1901.0,5.0,1901.3333333333333
17.926666666666666,18.65,3.7940001030059545,1901.0,6.0,1901.4166666666667
19.43870967741935,19.3,2.429633363199043,1901.0,7.0,1901.5
17.612903225806452,17.9,2.3260469951520575,1901.0,8.0,1901.5833333333333
15.073333333333332,14.95,2.226630875891032,1901.0,9.0,1901.6666666666667
9.341935483870971,8.6,2.5480416262361683,1901.0,10.0,1901.75
2.99,3.0,2.8293230578209414,1901.0,11.0,1901.8333333333333
1.5903225806451615,1.3,2.517453056657287,1901.0,12.0,1901.9166666666667
1.2096774193548387,0.9,3.34029488106561,1902.0,1.0,1902.0
1.425,0.75,2.974910518417754,1902.0,2.0,1902.0833333333333
5.919354838709677,5.5,2.5263173929442186,1902.0,3.0,1902.1666666666667
11.343333333333334,11.7,2.461942509389736,1902.0,4.0,1902.25
10.109677419354838,9.1,3.8227699240829445,1902.0,5.0,1902.3333333333333
16.03333333333333,16.3,3.5517196741407053,1902.0,6.0,1902.4166666666667
19.790322580645164,20.1,3.3293998296699736,1902.0,7.0,1902.5
17.700000000000003,17.3,2.582247083452705,1902.0,8.0,1902.5833333333333
14.296666666666665,14.6,3.1216135674307632,1902.0,9.0,1902.6666666666667
9.370967741935484,8.6,2.313034593830811,1902.0,10.0,1902.75
3.703333333333334,4.300000000000001,3.13824938387667,1902.0,11.0,1902.8333333333333
1.1290322580645162,1.1,3.783930368315208,1902.0,12.0,1902.9166666666667
1.1322580645161286,0.0,3.904389589233652,1903.0,1.0,1903.0
3.067857142857143,2.7,3.9065996933421734,1903.0,2.0,1903.0833333333333
6.293548387096773,6.1,2.731536256867305,1903.0,3.0,1903.1666666666667
6.466666666666668,6.9,2.506451445884143,1903.0,4.0,1903.25
13.245161290322578,12.3,3.623703327598937,1903.0,5.0,1903.3333333333333
15.349999999999996,14.45,2.819482711176057,1903.0,6.0,1903.4166666666667
18.112903225806452,17.7,2.7316346675551704,1903.0,7.0,1903.5
18.12258064516129,18.6,2.881748274620733,1903.0,8.0,1903.5833333333333
15.009999999999998,14.850000000000001,3.6181868196748717,1903.0,9.0,1903.6666666666667
10.754838709677417,8.6,4.223019355048978,1903.0,10.0,1903.75
5.230000000000001,5.2,2.337719194959642,1903.0,11.0,1903.8333333333333
0.7967741935483871,0.6,2.1030904039797784,1903.0,12.0,1903.9166666666667
0.05483870967741937,-1.1,3.384261486122432,1904.0,1.0,1904.0
3.344827586206896,2.7,3.3050379516836057,1904.0,2.0,1904.0833333333333
4.861290322580646,5.1,2.5784591547866773,1904.0,3.0,1904.1666666666667
11.069999999999999,11.0,2.804571391434914,1904.0,4.0,1904.25
14.677419354838708,15.8,3.942309786357853,1904.0,5.0,1904.3333333333333
17.793333333333337,17.7,2.2359034790920855,1904.0,6.0,1904.4166666666667
21.825806451612905,22.2,2.202872025627073,1904.0,7.0,1904.5
20.067741935483877,21.2,4.431432206166474,1904.0,8.0,1904.5833333333333
13.296666666666665,13.25,2.5987375361142564,1904.0,9.0,1904.6666666666667
9.787096774193548,9.8,2.2479237732455655,1904.0,10.0,1904.75
3.9533333333333327,4.15,4.099094377133037,1904.0,11.0,1904.8333333333333
1.8193548387096776,1.5,2.429323548485423,1904.0,12.0,1904.9166666666667
-1.77741935483871,-0.8,4.005305621083061,1905.0,1.0,1905.0
1.3678571428571427,1.55,1.64588230789099,1905.0,2.0,1905.0833333333333
6.79032258064516,6.6,2.5594732320941453,1905.0,3.0,1905.1666666666667
10.15,10.149999999999999,2.8324170255978465,1905.0,4.0,1905.25
12.129032258064518,12.0,3.053980304279111,1905.0,5.0,1905.3333333333333
17.826666666666664,17.799999999999997,2.550852911226487,1905.0,6.0,1905.4166666666667
21.990322580645163,21.5,2.183629217413017,1905.0,7.0,1905.5
18.629032258064516,18.3,3.2324596979583107,1905.0,8.0,1905.5833333333333
15.083333333333332,14.3,2.5861812259262367,1905.0,9.0,1905.6666666666667
6.038709677419353,6.9,2.801151836816995,1905.0,10.0,1905.75
4.656666666666666,4.55,2.5498726585287828,1905.0,11.0,1905.8333333333333
1.2354838709677418,0.6,2.4620517713344663,1905.0,12.0,1905.9166666666667
1.9096774193548385,1.2,4.184204810053293,1906.0,1.0,1906.0
0.5071428571428571,0.05,3.283846950399911,1906.0,2.0,1906.0833333333333
4.364516129032259,4.8,3.304900239250475,1906.0,3.0,1906.1666666666667
8.843333333333334,9.4,2.584794173534951,1906.0,4.0,1906.25
13.603225806451613,14.6,4.390404982911997,1906.0,5.0,1906.3333333333333
17.246666666666666,16.35,3.5362880727301236,1906.0,6.0,1906.4166666666667
19.670967741935485,20.3,2.7299808971721267,1906.0,7.0,1906.5
19.977419354838712,20.0,2.8658576002562017,1906.0,8.0,1906.5833333333333
15.06333333333333,13.25,5.042473622130815,1906.0,9.0,1906.6666666666667
11.574193548387095,11.7,2.4347440306167,1906.0,10.0,1906.75
6.1400000000000015,5.95,2.4623509932162606,1906.0,11.0,1906.8333333333333
-1.2032258064516128,-1.3,3.9961217758361456,1906.0,12.0,1906.9166666666667
0.2064516129032258,0.6,3.881403138374142,1907.0,1.0,1907.0
-1.05,-0.39999999999999997,3.497247595001066,1907.0,2.0,1907.0833333333333
3.9935483870967743,4.1,2.4587172107789548,1907.0,3.0,1907.1666666666667
7.873333333333333,7.05,2.773884781603085,1907.0,4.0,1907.25
13.435483870967742,14.5,3.69734574950705,1907.0,5.0,1907.3333333333333
16.516666666666666,17.1,2.5888465456225114,1907.0,6.0,1907.4166666666667
17.583870967741937,18.0,2.8869934504248014,1907.0,7.0,1907.5
19.22580645161291,19.2,2.712190718703914,1907.0,8.0,1907.5833333333333
15.333333333333334,15.2,2.0306841607989017,1907.0,9.0,1907.6666666666667
10.45483870967742,10.2,2.1335164571941507,1907.0,10.0,1907.75
6.349999999999999,6.7,2.0843836432897356,1907.0,11.0,1907.8333333333333
3.9870967741935486,3.6,3.0352091564925003,1907.0,12.0,1907.9166666666667
-1.651612903225806,-2.4,3.4271339792643,1908.0,1.0,1908.0
1.8655172413793104,1.9,3.3574305505070146,1908.0,2.0,1908.0833333333333
4.635483870967742,5.2,2.8775624391831793,1908.0,3.0,1908.1666666666667
7.443333333333332,7.5,3.1973785958277556,1908.0,4.0,1908.25
15.222580645161292,14.6,3.937910586205105,1908.0,5.0,1908.3333333333333
18.48333333333333,20.1,3.2013018185315376,1908.0,6.0,1908.4166666666667
18.82258064516129,18.8,2.414913342464467,1908.0,7.0,1908.5
17.448387096774198,17.6,2.4866136233496263,1908.0,8.0,1908.5833333333333
14.316666666666668,14.6,2.5164401968590107,1908.0,9.0,1908.6666666666667
9.64516129032258,11.3,4.332885005757513,1908.0,10.0,1908.75
3.6433333333333335,3.6,2.4159931681413647,1908.0,11.0,1908.8333333333333
1.2225806451612902,1.5,2.76486403251219,1908.0,12.0,1908.9166666666667
-1.2000000000000004,-2.0,3.8732415364911086,1909.0,1.0,1909.0
-0.8178571428571428,-0.30000000000000004,2.9435495795016138,1909.0,2.0,1909.0833333333333
2.767741935483871,1.7,3.6902924090803606,1909.0,3.0,1909.1666666666667
10.293333333333333,10.95,3.6549384006633656,1909.0,4.0,1909.25
13.332258064516129,13.9,3.9132584118416536,1909.0,5.0,1909.3333333333333
15.17333333333333,14.7,2.810931043859549,1909.0,6.0,1909.4166666666667
17.074193548387097,17.5,3.48558629615693,1909.0,7.0,1909.5
17.909677419354836,18.3,2.5799683252202508,1909.0,8.0,1909.5833333333333
13.79,13.649999999999999,1.3929254751458688,1909.0,9.0,1909.6666666666667
11.016129032258066,10.6,2.9050641730368647,1909.0,10.0,1909.75
3.756666666666667,3.2,2.93230324128501,1909.0,11.0,1909.8333333333333
4.248387096774193,5.3,3.92877173068479,1909.0,12.0,1909.9166666666667
2.141935483870968,1.7,2.9971958220474892,1910.0,1.0,1910.0
3.467857142857143,2.55,3.6217505048769882,1910.0,2.0,1910.0833333333333
5.112903225806451,5.8,2.286590173961201,1910.0,3.0,1910.1666666666667
8.35,8.2,2.8724313862937643,1910.0,4.0,1910.25
12.058064516129033,13.8,4.364002306258816,1910.0,5.0,1910.3333333333333
17.236666666666668,17.3,1.9677544235153857,1910.0,6.0,1910.4166666666667
17.038709677419355,17.0,3.185349527587707,1910.0,7.0,1910.5
17.5741935483871,16.9,2.8499085063600997,1910.0,8.0,1910.5833333333333
13.240000000000002,13.55,1.8130941356773467,1910.0,9.0,1910.6666666666667
10.680645161290323,10.7,2.2955637440998684,1910.0,10.0,1910.75
4.673333333333333,3.75,3.6338384126423953,1910.0,11.0,1910.8333333333333
3.887096774193549,4.6,2.9027276753063225,1910.0,12.0,1910.9166666666667
-1.661290322580645,-1.8,1.564752891961931,1911.0,1.0,1911.0
2.482142857142857,1.8,3.8168295522184152,1911.0,2.0,1911.0833333333333
5.348387096774194,5.0,2.9754406920367207,1911.0,3.0,1911.1666666666667
8.466666666666667,9.600000000000001,4.431263020180927,1911.0,4.0,1911.25
13.83548387096774,13.7,2.673518080120496,1911.0,5.0,1911.3333333333333
16.623333333333335,15.8,2.5593214797640425,1911.0,6.0,1911.4166666666667
21.954838709677418,22.5,2.5727856122210437,1911.0,7.0,1911.5
21.55483870967742,22.2,2.017727882161421,1911.0,8.0,1911.5833333333333
16.963333333333335,17.6,4.511936913637388,1911.0,9.0,1911.6666666666667
10.05483870967742,10.4,2.6088105475711107,1911.0,10.0,1911.75
7.123333333333333,6.85,2.4620825686220686,1911.0,11.0,1911.8333333333333
3.732258064516129,4.1,2.131570171927132,1911.0,12.0,1911.9166666666667
2.396774193548387,2.6,2.831664277531,1912.0,1.0,1912.0
4.913793103448276,5.4,4.5035481359487965,1912.0,2.0,1912.0833333333333
7.5774193548387085,7.2,2.6268751622944646,1912.0,3.0,1912.1666666666667
8.603333333333333,8.5,2.891066302909031,1912.0,4.0,1912.25
14.606451612903225,14.3,3.850016059176115,1912.0,5.0,1912.3333333333333
16.843333333333334,17.1,2.7928089102542266,1912.0,6.0,1912.4166666666667
18.177419354838708,18.0,2.851398449582164,1912.0,7.0,1912.5
15.62258064516129,15.2,1.9552850904526011,1912.0,8.0,1912.5833333333333
10.556666666666667,10.649999999999999,2.1947717394995196,1912.0,9.0,1912.6666666666667
8.854838709677418,8.4,2.8319414671066703,1912.0,10.0,1912.75
2.95,2.25,2.354855585293121,1912.0,11.0,1912.8333333333333
1.767741935483871,1.6,3.227319537611586,1912.0,12.0,1912.9166666666667
3.2903225806451615,3.6,2.6147472584948726,1913.0,1.0,1913.0
1.8249999999999997,1.7,2.4133310313064524,1913.0,2.0,1913.0833333333333
7.1096774193548375,7.1,3.013011211253583,1913.0,3.0,1913.1666666666667
9.356666666666666,9.25,4.302660230307671,1913.0,4.0,1913.25
13.219354838709675,13.2,4.293515991572929,1913.0,5.0,1913.3333333333333
16.993333333333336,16.9,2.129583629910225,1913.0,6.0,1913.4166666666667
16.406451612903222,16.2,2.3219152272597388,1913.0,7.0,1913.5
17.648387096774194,17.4,2.2989665747522205,1913.0,8.0,1913.5833333333333
14.236666666666663,13.6,2.832749770870667,1913.0,9.0,1913.6666666666667
10.345161290322583,10.1,1.8788008071954514,1913.0,10.0,1913.75
7.776666666666666,7.75,2.877580800667084,1913.0,11.0,1913.8333333333333
1.9161290322580646,1.8,3.0785382650638544,1913.0,12.0,1913.9166666666667
-2.7161290322580642,-3.5,2.76852509159583,1914.0,1.0,1914.0
2.6607142857142856,4.15,4.408942031969783,1914.0,2.0,1914.0833333333333
6.458064516129032,5.8,2.622565435287667,1914.0,3.0,1914.1666666666667
11.063333333333333,11.2,2.365336359157831,1914.0,4.0,1914.25
12.183870967741937,11.4,3.6344735312645167,1914.0,5.0,1914.3333333333333
16.036666666666665,15.8,3.091978870130476,1914.0,6.0,1914.4166666666667
17.409677419354836,17.1,2.8191434678769216,1914.0,7.0,1914.5
17.81935483870968,17.6,2.390595372822247,1914.0,8.0,1914.5833333333333
14.549999999999999,14.6,4.134026174783259,1914.0,9.0,1914.6666666666667
9.316129032258065,9.9,1.9394323523810686,1914.0,10.0,1914.75
4.540000000000001,4.5,3.6831957638011525,1914.0,11.0,1914.8333333333333
4.61290322580645,4.2,3.773392985584183,1914.0,12.0,1914.9166666666667
1.8967741935483873,2.5,3.8342738444167623,1915.0,1.0,1915.0
1.7249999999999999,1.15,2.6175511597816143,1915.0,2.0,1915.0833333333333
4.638709677419354,4.6,3.1616111314069855,1915.0,3.0,1915.1666666666667
8.203333333333331,7.300000000000001,3.2912091199533897,1915.0,4.0,1915.25
15.812903225806453,15.8,2.1118304754381323,1915.0,5.0,1915.3333333333333
18.660000000000004,19.0,2.389286432216199,1915.0,6.0,1915.4166666666667
18.5,18.5,2.414263172619478,1915.0,7.0,1915.5
17.43548387096774,17.2,2.4619163791779193,1915.0,8.0,1915.5833333333333
13.243333333333332,13.45,2.140525770625676,1915.0,9.0,1915.6666666666667
8.090322580645159,8.1,1.947537734116197,1915.0,10.0,1915.75
3.286666666666667,2.35,4.052052126612096,1915.0,11.0,1915.8333333333333
6.232258064516127,6.7,5.083396967696188,1915.0,12.0,1915.9166666666667
2.925806451612903,2.4,3.303227486558712,1916.0,1.0,1916.0
2.7655172413793094,2.8,2.7012266872225936,1916.0,2.0,1916.0833333333333
5.070967741935483,4.7,3.199186724610605,1916.0,3.0,1916.1666666666667
9.143333333333333,9.6,2.7747237617505256,1916.0,4.0,1916.25
14.380645161290323,14.6,2.882061687385,1916.0,5.0,1916.3333333333333
15.053333333333335,15.2,2.627406395633552,1916.0,6.0,1916.4166666666667
18.06774193548387,18.2,1.9750758798544414,1916.0,7.0,1916.5
18.061290322580643,18.2,2.6986017885014504,1916.0,8.0,1916.5833333333333
12.856666666666664,13.2,2.0275147575181847,1916.0,9.0,1916.6666666666667
9.864516129032259,10.1,3.5682440487441234,1916.0,10.0,1916.75
5.266666666666667,5.9,3.388554094385201,1916.0,11.0,1916.8333333333333
2.5967741935483866,1.5,3.2457648170056665,1916.0,12.0,1916.9166666666667
-0.7935483870967742,-0.7,4.023094620137668,1917.0,1.0,1917.0
-0.989285714285714,0.35000000000000003,4.238215844547508,1917.0,2.0,1917.0833333333333
3.193548387096774,2.7,2.2098168074708466,1917.0,3.0,1917.1666666666667
6.683333333333334,6.3,2.9988599366326247,1917.0,4.0,1917.25
16.08064516129032,16.2,2.4271271570643225,1917.0,5.0,1917.3333333333333
19.0,19.1,1.9560692463590659,1917.0,6.0,1917.4166666666667
19.00322580645161,19.1,2.6988249135463556,1917.0,7.0,1917.5
17.164516129032258,17.0,1.698734506840661,1917.0,8.0,1917.5833333333333
16.72,16.2,1.9789234272792071,1917.0,9.0,1917.6666666666667
8.193548387096774,7.8,4.067836073710524,1917.0,10.0,1917.75
4.633333333333335,4.35,1.9834371652527203,1917.0,11.0,1917.8333333333333
-2.1225806451612903,-2.2,2.948639197711305,1917.0,12.0,1917.9166666666667
0.9741935483870967,-0.7,4.856951563956929,1918.0,1.0,1918.0
1.8642857142857143,2.7,3.4618785615043133,1918.0,2.0,1918.0833333333333
4.793548387096774,4.0,2.9569055315617785,1918.0,3.0,1918.1666666666667
8.583333333333334,9.15,2.751436406470368,1918.0,4.0,1918.25
15.129032258064516,15.0,2.540366580946813,1918.0,5.0,1918.3333333333333
15.446666666666665,16.2,2.452687946094965,1918.0,6.0,1918.4166666666667
18.770967741935486,18.4,2.687401911188214,1918.0,7.0,1918.5
18.66774193548387,18.7,2.8776595926521256,1918.0,8.0,1918.5833333333333
15.396666666666667,14.600000000000001,3.220353732265998,1918.0,9.0,1918.6666666666667
8.174193548387096,8.3,1.8235437554270502,1918.0,10.0,1918.75
5.283333333333333,5.25,3.2128066292233664,1918.0,11.0,1918.8333333333333
4.383870967741935,4.4,3.0052284188497826,1918.0,12.0,1918.9166666666667
1.5516129032258066,1.7,2.811745717253718,1919.0,1.0,1919.0
1.9500000000000004,2.85,5.320366180658649,1919.0,2.0,1919.0833333333333
5.425806451612904,5.2,2.961077252390362,1919.0,3.0,1919.1666666666667
6.48,6.550000000000001,2.9863367018056963,1919.0,4.0,1919.25
13.690322580645159,14.4,3.0845156117516708,1919.0,5.0,1919.3333333333333
17.603333333333335,18.7,3.620771810781111,1919.0,6.0,1919.4166666666667
16.280645161290323,16.2,1.8637631027643524,1919.0,7.0,1919.5
20.732258064516127,20.7,3.217492511959605,1919.0,8.0,1919.5833333333333
16.76,18.15,3.204264399956343,1919.0,9.0,1919.6666666666667
6.964516129032258,6.6,3.6169552929774857,1919.0,10.0,1919.75
3.4899999999999998,2.6500000000000004,3.3888610638892867,1919.0,11.0,1919.8333333333333
3.332258064516129,2.9,4.293280571371516,1919.0,12.0,1919.9166666666667
3.8161290322580643,2.5,3.5887877966609234,1920.0,1.0,1920.0
3.4413793103448276,4.0,2.6497327683829486,1920.0,2.0,1920.0833333333333
7.025806451612903,7.6,3.7955208462902243,1920.0,3.0,1920.1666666666667
9.883333333333331,9.9,2.5191793044196147,1920.0,4.0,1920.25
16.55806451612903,17.2,3.263410710034149,1920.0,5.0,1920.3333333333333
17.303333333333338,16.299999999999997,2.9861153791290893,1920.0,6.0,1920.4166666666667
19.1,19.3,3.145049019225826,1920.0,7.0,1920.5
17.277419354838706,17.3,2.9403752229286835,1920.0,8.0,1920.5833333333333
15.01333333333333,14.55,2.235101375982651,1920.0,9.0,1920.6666666666667
10.329032258064515,10.3,3.0824442193803603,1920.0,10.0,1920.75
4.679999999999999,4.6,2.897728004179636,1920.0,11.0,1920.8333333333333
2.0387096774193547,2.3,4.399445224067449,1920.0,12.0,1920.9166666666667
4.074193548387097,4.2,2.187992648058258,1921.0,1.0,1921.0
2.0035714285714286,1.7999999999999998,1.2194358570764638,1921.0,2.0,1921.0833333333333
6.580645161290323,7.2,2.4339842994342575,1921.0,3.0,1921.1666666666667
8.45,9.0,3.1889626461626497,1921.0,4.0,1921.25
14.683870967741935,15.6,3.155640111947025,1921.0,5.0,1921.3333333333333
18.49666666666667,18.75,2.9995957582053747,1921.0,6.0,1921.4166666666667
22.03870967741936,22.1,2.8747959254359645,1921.0,7.0,1921.5
18.877419354838715,17.5,4.168189829124017,1921.0,8.0,1921.5833333333333
16.423333333333332,17.1,2.6932461292358107,1921.0,9.0,1921.6666666666667
12.038709677419353,13.5,3.7789484797894803,1921.0,10.0,1921.75
3.020000000000001,1.1,4.578088744413343,1921.0,11.0,1921.8333333333333
2.0870967741935487,1.8,2.8792061331188585,1921.0,12.0,1921.9166666666667
0.835483870967742,0.4,3.51070253055774,1922.0,1.0,1922.0
2.607142857142857,3.3,4.690252190284187,1922.0,2.0,1922.0833333333333
5.951612903225807,6.0,3.49302838691986,1922.0,3.0,1922.1666666666667
7.706666666666666,6.65,3.443527995743793,1922.0,4.0,1922.25
16.154838709677417,16.9,4.617563477973885,1922.0,5.0,1922.3333333333333
18.116666666666667,18.6,2.424598556652119,1922.0,6.0,1922.4166666666667
17.783870967741937,16.9,3.533845570498099,1922.0,7.0,1922.5
17.89032258064516,17.5,2.120747484372696,1922.0,8.0,1922.5833333333333
12.886666666666665,13.25,2.178061987866393,1922.0,9.0,1922.6666666666667
8.46774193548387,8.4,2.4427289516405204,1922.0,10.0,1922.75
3.683333333333333,2.95,2.9947175715471617,1922.0,11.0,1922.8333333333333
1.7258064516129035,2.7,3.6381284329478607,1922.0,12.0,1922.9166666666667
1.0774193548387097,1.0,2.281185317244722,1923.0,1.0,1923.0
4.139285714285714,3.9499999999999997,1.5928868006824464,1923.0,2.0,1923.0833333333333
6.338709677419354,4.6,2.8875222849766127,1923.0,3.0,1923.1666666666667
9.353333333333333,9.2,1.6961891024482996,1923.0,4.0,1923.25
13.387096774193548,12.2,3.860633966546934,1923.0,5.0,1923.3333333333333
14.453333333333335,14.15,2.9642389653464445,1923.0,6.0,1923.4166666666667
21.70645161290323,22.0,1.9064688971798038,1923.0,7.0,1923.5
20.019354838709678,20.0,3.6031855678772837,1923.0,8.0,1923.5833333333333
14.759999999999998,14.95,2.0080184090377466,1923.0,9.0,1923.6666666666667
11.92258064516129,12.2,4.0756766045585895,1923.0,10.0,1923.75
4.686666666666667,4.35,3.742554294018747,1923.0,11.0,1923.8333333333333
2.370967741935484,3.2,2.4257223732855464,1923.0,12.0,1923.9166666666667
0.5870967741935481,0.7,3.0169235915066275,1924.0,1.0,1924.0
-0.14137931034482765,-0.1,2.0251132669167826,1924.0,2.0,1924.0833333333333
5.477419354838709,5.3,3.3727051138435207,1924.0,3.0,1924.1666666666667
9.856666666666667,9.0,3.6655604391870735,1924.0,4.0,1924.25
15.180645161290323,15.0,3.705259267117368,1924.0,5.0,1924.3333333333333
17.31,16.799999999999997,2.7410481257333306,1924.0,6.0,1924.4166666666667
19.11935483870968,18.5,3.1332006377758734,1924.0,7.0,1924.5
15.590322580645159,15.1,2.9482599205531024,1924.0,8.0,1924.5833333333333
14.960000000000003,14.6,3.0324224980857384,1924.0,9.0,1924.6666666666667
10.032258064516132,9.6,1.65557383743003,1924.0,10.0,1924.75
5.81,5.1,4.531677774100435,1924.0,11.0,1924.8333333333333
1.6354838709677422,1.1,3.2398094992449558,1924.0,12.0,1924.9166666666667
2.541935483870968,2.3,3.204972614916638,1925.0,1.0,1925.0
4.35,3.9,2.467642449638776,1925.0,2.0,1925.0833333333333
3.3677419354838714,3.9,2.733543133831279,1925.0,3.0,1925.1666666666667
9.360000000000001,9.350000000000001,1.9551170703108012,1925.0,4.0,1925.25
13.60967741935484,13.7,3.253752176458197,1925.0,5.0,1925.3333333333333
18.2,18.7,3.0717848344188297,1925.0,6.0,1925.4166666666667
18.541935483870965,18.6,2.1189264881929226,1925.0,7.0,1925.5
18.058064516129033,17.7,2.5251764550288875,1925.0,8.0,1925.5833333333333
13.276666666666667,11.8,3.3074298108989386,1925.0,9.0,1925.6666666666667
10.835483870967742,11.0,3.0161286872520066,1925.0,10.0,1925.75
3.943333333333334,3.25,4.192742772222378,1925.0,11.0,1925.8333333333333
2.5064516129032257,3.3,6.122033185354408,1925.0,12.0,1925.9166666666667
1.2000000000000002,1.5,3.916460987507302,1926.0,1.0,1926.0
5.82142857142857,5.699999999999999,1.2476220768168726,1926.0,2.0,1926.0833333333333
6.074193548387096,6.2,2.4653556527656724,1926.0,3.0,1926.1666666666667
10.429999999999998,10.850000000000001,2.4554162509678967,1926.0,4.0,1926.25
11.90967741935484,11.8,3.933391652565648,1926.0,5.0,1926.3333333333333
14.876666666666665,14.600000000000001,2.7881131097291725,1926.0,6.0,1926.4166666666667
18.677419354838708,19.0,2.951802802516834,1926.0,7.0,1926.5
18.81612903225807,18.5,2.805007043864424,1926.0,8.0,1926.5833333333333
17.256666666666668,17.85,3.0526058210732967,1926.0,9.0,1926.6666666666667
11.151612903225804,11.4,3.666139747085657,1926.0,10.0,1926.75
7.296666666666668,7.35,3.5328491318630846,1926.0,11.0,1926.8333333333333
0.27741935483870983,1.2,2.7473271468124985,1926.0,12.0,1926.9166666666667
1.8967741935483873,2.2,1.9823359740413566,1927.0,1.0,1927.0
1.8821428571428573,1.5499999999999998,3.526939032900759,1927.0,2.0,1927.0833333333333
6.438709677419356,6.4,1.9837132553798928,1927.0,3.0,1927.1666666666667
10.406666666666666,10.0,3.374032002519091,1927.0,4.0,1927.25
15.029032258064516,16.2,2.7134471984773776,1927.0,5.0,1927.3333333333333
17.27,16.95,3.186085047677554,1927.0,6.0,1927.4166666666667
19.122580645161293,19.1,2.509011714788561,1927.0,7.0,1927.5
17.52258064516129,18.0,3.1296122952020062,1927.0,8.0,1927.5833333333333
14.850000000000001,14.55,2.9415864825775158,1927.0,9.0,1927.6666666666667
9.506451612903223,9.4,1.464680962728964,1927.0,10.0,1927.75
5.37,4.8,4.284869128488741,1927.0,11.0,1927.8333333333333
2.0451612903225804,3.3,4.4335718263929085,1927.0,12.0,1927.9166666666667
2.7645161290322577,2.7,1.7798030578497113,1928.0,1.0,1928.0
3.7034482758620695,3.0,3.10247398499749,1928.0,2.0,1928.0833333333333
6.7709677419354835,7.3,2.6435069571041545,1928.0,3.0,1928.1666666666667
9.103333333333333,9.6,2.6097276028197927,1928.0,4.0,1928.25
12.02258064516129,11.6,3.4332404204987212,1928.0,5.0,1928.3333333333333
17.88333333333333,16.7,3.221488554340544,1928.0,6.0,1928.4166666666667
23.14516129032258,23.5,1.982227486049876,1928.0,7.0,1928.5
21.07741935483871,20.5,3.4760810958529484,1928.0,8.0,1928.5833333333333
15.389999999999999,15.45,3.004404812248521,1928.0,9.0,1928.6666666666667
9.664516129032261,9.4,2.9197657882207806,1928.0,10.0,1928.75
6.856666666666667,7.050000000000001,2.658581853406881,1928.0,11.0,1928.8333333333333
1.7516129032258063,1.4,2.4846020429493243,1928.0,12.0,1928.9166666666667
-2.43225806451613,-2.4,2.0567591167942174,1929.0,1.0,1929.0
-3.5964285714285706,-3.2,5.331908291760656,1929.0,2.0,1929.0833333333333
4.9870967741935495,5.4,4.357808465691892,1929.0,3.0,1929.1666666666667
7.8133333333333335,8.1,3.632395745313926,1929.0,4.0,1929.25
14.154838709677415,13.9,3.5371211184311475,1929.0,5.0,1929.3333333333333
18.410000000000004,18.25,2.0332325205835713,1929.0,6.0,1929.4166666666667
20.309677419354838,20.5,3.3422901169417436,1929.0,7.0,1929.5
18.55483870967742,18.8,2.176670042316538,1929.0,8.0,1929.5833333333333
17.70333333333333,18.5,3.295083415126797,1929.0,9.0,1929.6666666666667
10.929032258064519,10.0,4.032550354997616,1929.0,10.0,1929.75
5.383333333333332,5.9,3.286868684192667,1929.0,11.0,1929.8333333333333
4.87741935483871,5.1,4.31692094572195,1929.0,12.0,1929.9166666666667
2.9064516129032256,2.8,2.168707062417754,1930.0,1.0,1930.0
2.2607142857142857,2.05,2.267702261094596,1930.0,2.0,1930.0833333333333
6.641935483870967,7.1,2.324618132589865,1930.0,3.0,1930.1666666666667
9.989999999999998,10.05,3.2825925414378565,1930.0,4.0,1930.25
12.432258064516128,12.4,2.9527825404493973,1930.0,5.0,1930.3333333333333
19.706666666666663,19.9,1.2525651840243226,1930.0,6.0,1930.4166666666667
18.27741935483871,18.0,2.938787695339623,1930.0,7.0,1930.5
18.74516129032258,18.3,2.772344219810787,1930.0,8.0,1930.5833333333333
16.273333333333337,16.2,3.387088398033325,1930.0,9.0,1930.6666666666667
10.067741935483872,10.0,2.76518680463294,1930.0,10.0,1930.75
7.8199999999999985,7.15,3.676430052514869,1930.0,11.0,1930.8333333333333
2.870967741935484,2.7,2.81450925839504,1930.0,12.0,1930.9166666666667
2.296774193548387,2.5,3.947107284325889,1931.0,1.0,1931.0
1.2750000000000001,1.15,2.894391127681261,1931.0,2.0,1931.0833333333333
4.096774193548388,3.7,3.593372034822607,1931.0,3.0,1931.1666666666667
8.906666666666666,9.2,2.4824811466913825,1931.0,4.0,1931.25
15.638709677419353,14.7,4.021747333299698,1931.0,5.0,1931.3333333333333
19.923333333333332,20.0,3.324484231019731,1931.0,6.0,1931.4166666666667
18.53548387096774,18.8,2.852665231801865,1931.0,7.0,1931.5
16.780645161290323,16.3,2.5510023330498557,1931.0,8.0,1931.5833333333333
11.506666666666666,11.3,2.394524405061844,1931.0,9.0,1931.6666666666667
9.12258064516129,9.7,3.3670669409660143,1931.0,10.0,1931.75
6.929999999999998,7.2,2.4690009147915233,1931.0,11.0,1931.8333333333333
0.8516129032258063,0.6,4.370573644099207,1931.0,12.0,1931.9166666666667
1.487096774193548,1.1,2.693788154932736,1932.0,1.0,1932.0
-1.0551724137931033,-0.2,3.110189039603375,1932.0,2.0,1932.0833333333333
4.258064516129032,4.2,2.6731721722263964,1932.0,3.0,1932.1666666666667
7.9766666666666675,8.0,2.5886600625690948,1932.0,4.0,1932.25
12.461290322580647,11.8,3.300371435596791,1932.0,5.0,1932.3333333333333
16.703333333333337,17.25,2.709304953919609,1932.0,6.0,1932.4166666666667
18.13548387096774,17.7,2.1141662481297874,1932.0,7.0,1932.5
20.87741935483871,20.9,2.517367630074367,1932.0,8.0,1932.5833333333333
18.173333333333336,18.75,2.406877120100727,1932.0,9.0,1932.6666666666667
10.829032258064515,11.3,2.614599210635937,1932.0,10.0,1932.75
6.03,5.949999999999999,1.9341130017267028,1932.0,11.0,1932.8333333333333
1.980645161290323,1.5,1.9794644654280797,1932.0,12.0,1932.9166666666667
-1.2645161290322582,-1.0,3.0706729324473025,1933.0,1.0,1933.0
2.5428571428571423,1.25,4.171635132959219,1933.0,2.0,1933.0833333333333
5.974193548387097,6.0,2.122257876560635,1933.0,3.0,1933.1666666666667
10.766666666666667,11.4,3.1798214364671633,1933.0,4.0,1933.25
13.029032258064515,13.1,2.601690930707322,1933.0,5.0,1933.3333333333333
15.063333333333333,14.65,2.1799214369477555,1933.0,6.0,1933.4166666666667
20.541935483870965,21.3,2.642697383804206,1933.0,7.0,1933.5
20.28064516129032,19.8,2.931941263035887,1933.0,8.0,1933.5833333333333
16.133333333333333,16.45,1.7956524764252004,1933.0,9.0,1933.6666666666667
10.62258064516129,10.4,4.380693223484107,1933.0,10.0,1933.75
4.363333333333333,4.65,1.992829098566145,1933.0,11.0,1933.8333333333333
-1.8774193548387097,-1.1,2.9472823275484776,1933.0,12.0,1933.9166666666667
1.0612903225806452,1.2,3.369438867166148,1934.0,1.0,1934.0
1.2321428571428572,2.3499999999999996,3.309252301298708,1934.0,2.0,1934.0833333333333
5.5290322580645155,5.7,2.0789730715567396,1934.0,3.0,1934.1666666666667
11.146666666666665,10.9,2.921706319275083,1934.0,4.0,1934.25
15.790322580645164,16.1,2.5003139587806005,1934.0,5.0,1934.3333333333333
18.19,18.15,2.437543987224676,1934.0,6.0,1934.4166666666667
20.764516129032256,21.1,2.2300296540773887,1934.0,7.0,1934.5
17.790322580645157,17.9,2.5725933528522895,1934.0,8.0,1934.5833333333333
16.64333333333333,17.0,2.0735914759651677,1934.0,9.0,1934.6666666666667
10.222580645161292,10.1,3.1393958736694714,1934.0,10.0,1934.75
4.09,4.4,1.9940169127356624,1934.0,11.0,1934.8333333333333
5.32258064516129,5.3,2.4050931620790843,1934.0,12.0,1934.9166666666667
-0.26129032258064516,-0.6,2.607256210316999,1935.0,1.0,1935.0
3.9142857142857137,5.45,4.515464316038606,1935.0,2.0,1935.0833333333333
4.993548387096774,4.8,3.5521763736120016,1935.0,3.0,1935.1666666666667
9.056666666666667,8.85,3.1787747946972114,1935.0,4.0,1935.25
12.648387096774194,14.2,3.2569792720394495,1935.0,5.0,1935.3333333333333
19.159999999999993,19.1,3.7437396019083042,1935.0,6.0,1935.4166666666667
21.112903225806456,21.2,1.829707068628541,1935.0,7.0,1935.5
18.09032258064516,17.7,2.6420137318227144,1935.0,8.0,1935.5833333333333
16.176666666666666,16.5,2.437732600160456,1935.0,9.0,1935.6666666666667
10.425806451612903,11.2,3.1793047187433383,1935.0,10.0,1935.75
6.3966666666666665,6.4,1.9605564539679552,1935.0,11.0,1935.8333333333333
1.5129032258064516,1.3,3.132809381953507,1935.0,12.0,1935.9166666666667
5.335483870967742,4.6,3.1370419598826724,1936.0,1.0,1936.0
2.7896551724137932,2.8,3.1385102047657454,1936.0,2.0,1936.0833333333333
7.019354838709678,7.1,3.172424872221953,1936.0,3.0,1936.1666666666667
8.663333333333332,8.850000000000001,3.3239448243619054,1936.0,4.0,1936.25
14.629032258064516,14.6,2.5440379384470795,1936.0,5.0,1936.3333333333333
17.15666666666667,18.9,4.410855209385241,1936.0,6.0,1936.4166666666667
18.125806451612906,18.0,2.3191906263371975,1936.0,7.0,1936.5
18.454838709677418,18.9,1.9189995153164956,1936.0,8.0,1936.5833333333333
15.559999999999999,16.1,3.555238970580042,1936.0,9.0,1936.6666666666667
7.303225806451613,6.8,1.945162181921727,1936.0,10.0,1936.75
5.943333333333333,6.699999999999999,3.219089969212581,1936.0,11.0,1936.8333333333333
2.587096774193548,2.1,2.766916687757195,1936.0,12.0,1936.9166666666667
2.890322580645161,2.8,2.820798331289646,1937.0,1.0,1937.0
5.446428571428571,4.95,2.6462387203499547,1937.0,2.0,1937.0833333333333
4.374193548387097,4.6,2.381731546856262,1937.0,3.0,1937.1666666666667
9.66,9.850000000000001,2.0772329074333813,1937.0,4.0,1937.25
15.306451612903224,14.9,3.453687448112135,1937.0,5.0,1937.3333333333333
18.513333333333335,18.55,2.6284561265494624,1937.0,6.0,1937.4166666666667
20.48709677419355,21.5,2.2944486535235242,1937.0,7.0,1937.5
19.45161290322581,19.3,2.1363318980192716,1937.0,8.0,1937.5833333333333
14.879999999999999,13.2,3.4210706128244466,1937.0,9.0,1937.6666666666667
10.406451612903222,10.0,2.4002688021512606,1937.0,10.0,1937.75
5.069999999999999,5.199999999999999,3.0485892723888104,1937.0,11.0,1937.8333333333333
1.141935483870968,1.2,3.311975663512479,1937.0,12.0,1937.9166666666667
2.5870967741935487,4.5,4.236487691117401,1938.0,1.0,1938.0
1.35,1.1,2.346865521877591,1938.0,2.0,1938.0833333333333
7.835483870967742,7.4,2.15971423836531,1938.0,3.0,1938.1666666666667
7.743333333333334,7.65,2.8230190898414405,1938.0,4.0,1938.25
12.461290322580643,12.4,3.2276593603161654,1938.0,5.0,1938.3333333333333
18.48,18.85,3.76731862936657,1938.0,6.0,1938.4166666666667
18.683870967741942,19.1,2.8257266645582866,1938.0,7.0,1938.5
18.532258064516128,18.2,3.1438179651260767,1938.0,8.0,1938.5833333333333
15.743333333333332,15.75,1.366516672452976,1938.0,9.0,1938.6666666666667
10.58709677419355,11.7,3.8043608254636654,1938.0,10.0,1938.75
7.216666666666667,7.65,1.9998419477778622,1938.0,11.0,1938.8333333333333
0.17096774193548397,2.2,5.08043262910992,1938.0,12.0,1938.9166666666667
3.3774193548387093,1.8,3.9774120293996322,1939.0,1.0,1939.0
2.457142857142857,2.85,3.356191467127757,1939.0,2.0,1939.0833333333333
3.267741935483871,3.2,2.970228621590622,1939.0,3.0,1939.1666666666667
10.543333333333333,10.350000000000001,2.8485547858196605,1939.0,4.0,1939.25
10.883870967741935,11.0,1.7582371425556809,1939.0,5.0,1939.3333333333333
17.326666666666668,17.15,3.022094881247835,1939.0,6.0,1939.4166666666667
18.380645161290325,18.4,2.6802262783626696,1939.0,7.0,1939.5
18.541935483870965,18.8,1.3640073786575564,1939.0,8.0,1939.5833333333333
14.666666666666666,13.75,3.402466988700317,1939.0,9.0,1939.6666666666667
9.709677419354838,9.4,4.439621217980177,1939.0,10.0,1939.75
7.343333333333333,7.8,3.20405813083145,1939.0,11.0,1939.8333333333333
1.22258064516129,1.2,3.7534614848536236,1939.0,12.0,1939.9166666666667
-2.825806451612904,-3.4,4.1723668536324,1940.0,1.0,1940.0
2.3241379310344827,2.7,4.333314070943674,1940.0,2.0,1940.0833333333333
5.996774193548387,6.5,3.7192726771926563,1940.0,3.0,1940.1666666666667
9.556666666666668,9.85,3.3027348472537676,1940.0,4.0,1940.25
13.845161290322581,13.5,2.2417015426794915,1940.0,5.0,1940.3333333333333
16.816666666666666,16.5,1.8519483372054848,1940.0,6.0,1940.4166666666667
18.241935483870968,18.0,2.680767824529431,1940.0,7.0,1940.5
17.883870967741935,18.4,2.8208860043366455,1940.0,8.0,1940.5833333333333
15.690000000000001,16.4,3.268274879757694,1940.0,9.0,1940.6666666666667
10.009677419354835,10.7,3.2624484505464784,1940.0,10.0,1940.75
6.5,6.3,3.838731830821934,1940.0,11.0,1940.8333333333333
-2.0419354838709673,-2.6,3.993392391901768,1940.0,12.0,1940.9166666666667
-0.05806451612903214,-1.3,5.413795599733972,1941.0,1.0,1941.0
2.592857142857143,2.25,2.7496704949298616,1941.0,2.0,1941.0833333333333
6.17741935483871,5.6,2.5523465905475238,1941.0,3.0,1941.1666666666667
8.353333333333333,8.7,3.2503297799086357,1941.0,4.0,1941.25
10.44838709677419,10.4,1.6258066649598768,1941.0,5.0,1941.3333333333333
17.55666666666667,17.8,3.9345230034106824,1941.0,6.0,1941.4166666666667
20.712903225806453,20.7,2.801397500710894,1941.0,7.0,1941.5
17.63225806451613,17.5,2.097679209153805,1941.0,8.0,1941.5833333333333
14.526666666666667,14.65,1.9237057150616668,1941.0,9.0,1941.6666666666667
9.219354838709679,9.9,4.512088899452131,1941.0,10.0,1941.75
4.893333333333333,4.8,2.4581929630682295,1941.0,11.0,1941.8333333333333
1.1483870967741936,1.6,2.870060506649286,1941.0,12.0,1941.9166666666667
-2.170967741935484,-1.9,3.6592525237072753,1942.0,1.0,1942.0
-1.7357142857142855,-1.95,2.5280960901970957,1942.0,2.0,1942.0833333333333
6.458064516129032,7.2,3.3437278790344553,1942.0,3.0,1942.1666666666667
10.06,10.6,2.0424123667521377,1942.0,4.0,1942.25
14.348387096774193,14.2,4.08051230180247,1942.0,5.0,1942.3333333333333
18.013333333333332,18.299999999999997,3.3117068558147738,1942.0,6.0,1942.4166666666667
20.07741935483871,20.4,3.3329376109191675,1942.0,7.0,1942.5
19.919354838709676,19.7,2.328006207729225,1942.0,8.0,1942.5833333333333
17.530000000000005,18.9,4.133225341562921,1942.0,9.0,1942.6666666666667
12.006451612903227,11.2,2.516073062515073,1942.0,10.0,1942.75
4.42,4.05,4.083051597130213,1942.0,11.0,1942.8333333333333
1.3258064516129033,1.2,2.3043390580866467,1942.0,12.0,1942.9166666666667
1.8096774193548388,1.3,2.7165363779035094,1943.0,1.0,1943.0
3.503571428571429,3.55,1.7472692223723667,1943.0,2.0,1943.0833333333333
7.196774193548386,6.9,1.9053405419098082,1943.0,3.0,1943.1666666666667
11.003333333333336,11.3,3.3979185650501758,1943.0,4.0,1943.25
15.132258064516128,15.2,3.790196749226808,1943.0,5.0,1943.3333333333333
17.069999999999997,17.950000000000003,3.1794762093019724,1943.0,6.0,1943.4166666666667
20.000000000000004,20.2,2.6290682760247974,1943.0,7.0,1943.5
20.674193548387095,20.9,2.632611851620046,1943.0,8.0,1943.5833333333333
16.313333333333333,17.1,3.435788654466529,1943.0,9.0,1943.6666666666667
12.370967741935486,12.5,1.6373135615772354,1943.0,10.0,1943.75
4.809999999999999,3.95,2.921543050017139,1943.0,11.0,1943.8333333333333
2.454838709677419,2.2,1.8038548924784052,1943.0,12.0,1943.9166666666667
1.8774193548387097,1.7,2.837218083195739,1944.0,1.0,1944.0
-0.23103448275862057,-0.6,2.785562709025114,1944.0,2.0,1944.0833333333333
3.9612903225806444,3.7,2.708957661703709,1944.0,3.0,1944.1666666666667
11.583333333333334,11.7,2.0318300453860143,1944.0,4.0,1944.25
14.7,13.9,3.956682111736213,1944.0,5.0,1944.3333333333333
17.40666666666667,17.85,2.6363419449257175,1944.0,6.0,1944.4166666666667
19.716129032258067,19.7,2.4758967095032522,1944.0,7.0,1944.5
22.74516129032258,22.7,2.336783930915511,1944.0,8.0,1944.5833333333333
15.109999999999998,15.4,2.766093972024263,1944.0,9.0,1944.6666666666667
9.116129032258064,9.3,2.18068747175343,1944.0,10.0,1944.75
5.663333333333333,4.95,3.643651383200491,1944.0,11.0,1944.8333333333333
1.4000000000000004,1.4,3.713847959551746,1944.0,12.0,1944.9166666666667
-2.9387096774193546,-3.2,2.8993881445752008,1945.0,1.0,1945.0
4.496428571428572,4.65,1.7406857190448748,1945.0,2.0,1945.0833333333333
7.2,6.9,3.157319538258152,1945.0,3.0,1945.1666666666667
12.18,13.05,3.5222837419237947,1945.0,4.0,1945.25
15.912903225806451,15.4,5.338897634998189,1945.0,5.0,1945.3333333333333
20.469999999999995,20.45,2.622863662698358,1945.0,6.0,1945.4166666666667
21.7483870967742,21.9,3.281449981105094,1945.0,7.0,1945.5
18.687096774193552,18.7,2.446867648713878,1945.0,8.0,1945.5833333333333
16.773333333333333,17.35,3.4545256007788945,1945.0,9.0,1945.6666666666667
10.709677419354838,10.5,1.9743952388363848,1945.0,10.0,1945.75
4.3500000000000005,3.2,3.6391311960506405,1945.0,11.0,1945.8333333333333
2.3645161290322574,2.1,3.975554333431316,1945.0,12.0,1945.9166666666667
-0.19999999999999993,-0.8,3.787787392836791,1946.0,1.0,1946.0
5.346428571428571,4.9,2.383039164884971,1946.0,2.0,1946.0833333333333
7.032258064516128,6.5,4.505506785906493,1946.0,3.0,1946.1666666666667
12.323333333333332,12.600000000000001,1.763359515699846,1946.0,4.0,1946.25
14.832258064516127,15.1,1.9698370654742305,1946.0,5.0,1946.3333333333333
17.243333333333332,17.1,3.8318702855208278,1946.0,6.0,1946.4166666666667
20.906451612903226,21.5,3.4501145376031563,1946.0,7.0,1946.5
18.935483870967747,18.0,4.363985058567209,1946.0,8.0,1946.5833333333333
15.786666666666667,15.4,1.7002501506286194,1946.0,9.0,1946.6666666666667
9.674193548387098,8.8,3.3457403507480454,1946.0,10.0,1946.75
5.193333333333332,5.25,2.132172816527832,1946.0,11.0,1946.8333333333333
0.7483870967741937,1.3,3.373610426802116,1946.0,12.0,1946.9166666666667
-1.1193548387096774,-0.9,4.133877869090854,1947.0,1.0,1947.0
0.7178571428571429,0.3,2.2784097071533895,1947.0,2.0,1947.0833333333333
6.732258064516128,7.7,4.072377446224273,1947.0,3.0,1947.1666666666667
12.729999999999999,13.6,3.5790723128612045,1947.0,4.0,1947.25
16.05806451612903,16.0,4.144697350716003,1947.0,5.0,1947.3333333333333
19.503333333333334,18.85,3.7178491495555024,1947.0,6.0,1947.4166666666667
21.493548387096773,21.5,3.180873620445696,1947.0,7.0,1947.5
21.738709677419354,20.9,2.78647655882895,1947.0,8.0,1947.5833333333333
17.91,17.65,3.5585109245300903,1947.0,9.0,1947.6666666666667
11.006451612903227,11.2,3.1657474613821157,1947.0,10.0,1947.75
7.496666666666668,8.600000000000001,4.268285881687881,1947.0,11.0,1947.8333333333333
2.6290322580645165,2.5,3.187391153528446,1947.0,12.0,1947.9166666666667
4.129032258064516,3.4,3.326378766605621,1948.0,1.0,1948.0
2.862068965517241,3.8,5.17234499133223,1948.0,2.0,1948.0833333333333
9.429032258064517,10.1,2.168900420088037,1948.0,3.0,1948.1666666666667
10.146666666666668,10.0,3.3011735983490453,1948.0,4.0,1948.25
14.970967741935487,15.0,3.0972238696814816,1948.0,5.0,1948.3333333333333
16.39666666666667,15.95,4.313529903673447,1948.0,6.0,1948.4166666666667
17.216129032258067,16.9,3.3645303559529722,1948.0,7.0,1948.5
18.693548387096776,19.0,2.894239737118192,1948.0,8.0,1948.5833333333333
14.563333333333334,14.2,2.1697740758498076,1948.0,9.0,1948.6666666666667
11.074193548387097,11.2,3.065503519482075,1948.0,10.0,1948.75
5.363333333333334,5.35,3.5340202108328005,1948.0,11.0,1948.8333333333333
1.4483870967741934,1.6,2.864131161771045,1948.0,12.0,1948.9166666666667
1.6354838709677417,0.6,2.8482214786420403,1949.0,1.0,1949.0
2.2428571428571433,3.05,3.011143325546648,1949.0,2.0,1949.0833333333333
3.996774193548387,4.2,4.837663614526317,1949.0,3.0,1949.1666666666667
12.433333333333335,13.35,4.532665603291773,1949.0,4.0,1949.25
12.396774193548387,12.5,2.899250922907242,1949.0,5.0,1949.3333333333333
17.726666666666667,18.1,2.6658676964006753,1949.0,6.0,1949.4166666666667
21.60967741935484,21.2,3.1722079417664997,1949.0,7.0,1949.5
20.522580645161295,19.7,2.9589085462288685,1949.0,8.0,1949.5833333333333
18.57,18.35,1.808056682053204,1949.0,9.0,1949.6666666666667
11.809677419354838,12.3,3.1011132236354175,1949.0,10.0,1949.75
5.246666666666668,4.8,2.2645290799685016,1949.0,11.0,1949.8333333333333
4.2935483870967746,3.7,3.499041343365443,1949.0,12.0,1949.9166666666667
0.7451612903225807,0.7,2.430341362809955,1950.0,1.0,1950.0
4.264285714285714,4.199999999999999,2.526923804815633,1950.0,2.0,1950.0833333333333
6.503225806451613,7.1,2.934107913371938,1950.0,3.0,1950.1666666666667
8.396666666666667,8.100000000000001,2.7114677706482824,1950.0,4.0,1950.25
15.461290322580643,15.4,2.816342476730513,1950.0,5.0,1950.3333333333333
20.103333333333335,20.0,2.6499815657567463,1950.0,6.0,1950.4166666666667
22.341935483870966,22.2,2.0888233040874766,1950.0,7.0,1950.5
19.55806451612903,20.0,2.4837839671958037,1950.0,8.0,1950.5833333333333
15.483333333333333,15.7,3.8580934485145977,1950.0,9.0,1950.6666666666667
10.29032258064516,11.5,3.87215313391311,1950.0,10.0,1950.75
6.813333333333334,6.699999999999999,2.6077779328628496,1950.0,11.0,1950.8333333333333
0.18387096774193545,-0.5,3.115562739345125,1950.0,12.0,1950.9166666666667
2.725806451612903,3.0,2.1402441826320477,1951.0,1.0,1951.0
3.6285714285714294,3.3,1.961831559737754,1951.0,2.0,1951.0833333333333
5.467741935483871,5.5,3.801261816535328,1951.0,3.0,1951.1666666666667
10.006666666666668,9.850000000000001,3.007683646851881,1951.0,4.0,1951.25
13.183870967741935,12.2,3.3607634821265986,1951.0,5.0,1951.3333333333333
17.293333333333333,16.9,2.428414174373649,1951.0,6.0,1951.4166666666667
19.93548387096774,20.7,2.825190068779653,1951.0,7.0,1951.5
19.238709677419354,19.0,2.2609256834837717,1951.0,8.0,1951.5833333333333
16.356666666666666,16.2,3.0122374927358697,1951.0,9.0,1951.6666666666667
10.483870967741938,10.1,2.9146865782554334,1951.0,10.0,1951.75
6.926666666666667,6.75,2.107119840680284,1951.0,11.0,1951.8333333333333
1.2903225806451613,1.3,2.905323256680133,1951.0,12.0,1951.9166666666667
0.5903225806451614,0.4,3.315152569511664,1952.0,1.0,1952.0
0.4241379310344828,0.9,1.784187524660093,1952.0,2.0,1952.0833333333333
7.638709677419354,7.7,2.9084563396361807,1952.0,3.0,1952.1666666666667
11.723333333333331,12.5,4.096565704918285,1952.0,4.0,1952.25
15.464516129032257,15.8,2.386426671419953,1952.0,5.0,1952.3333333333333
19.90333333333333,20.55,2.0513214131944033,1952.0,6.0,1952.4166666666667
23.438709677419357,23.1,2.780608736632423,1952.0,7.0,1952.5
20.025806451612905,20.3,3.123456177797866,1952.0,8.0,1952.5833333333333
13.173333333333336,12.75,2.73998909302301,1952.0,9.0,1952.6666666666667
10.683870967741933,10.6,2.4059782174399875,1952.0,10.0,1952.75
4.663333333333332,4.15,3.6877694719384126,1952.0,11.0,1952.8333333333333
2.5483870967741935,2.0,3.01185114370348,1952.0,12.0,1952.9166666666667
-0.7709677419354837,-0.4,2.043231680188209,1953.0,1.0,1953.0
0.7392857142857141,1.0,2.5893427288012236,1953.0,2.0,1953.0833333333333
6.758064516129033,6.6,3.361921493585515,1953.0,3.0,1953.1666666666667
10.856666666666664,10.8,2.858705196815308,1953.0,4.0,1953.25
16.125806451612902,15.4,4.388998955110036,1953.0,5.0,1953.3333333333333
16.513333333333335,17.299999999999997,2.9328970417440954,1953.0,6.0,1953.4166666666667
20.503225806451614,20.3,2.2877184953526286,1953.0,7.0,1953.5
19.590322580645164,19.5,2.5378934622648073,1953.0,8.0,1953.5833333333333
16.78333333333333,15.95,2.975542064013319,1953.0,9.0,1953.6666666666667
12.158064516129029,12.9,2.9355038401778537,1953.0,10.0,1953.75
4.573333333333334,4.4,1.7502577806856265,1953.0,11.0,1953.8333333333333
3.64516129032258,3.9,1.9609247324799626,1953.0,12.0,1953.9166666666667
-0.02580645161290319,-0.6,3.9817891909655794,1954.0,1.0,1954.0
1.2357142857142855,2.2,5.209692838440619,1954.0,2.0,1954.0833333333333
7.061290322580645,7.9,2.4647755028744287,1954.0,3.0,1954.1666666666667
8.363333333333335,8.75,2.9259225875791293,1954.0,4.0,1954.25
13.399999999999997,13.4,3.2448934240331115,1954.0,5.0,1954.3333333333333
18.73666666666667,17.55,3.2734547113296735,1954.0,6.0,1954.4166666666667
18.274193548387096,18.0,3.2207626158965814,1954.0,7.0,1954.5
18.2,17.6,3.385754470326124,1954.0,8.0,1954.5833333333333
16.386666666666667,17.5,3.355975970212492,1954.0,9.0,1954.6666666666667
10.851612903225806,10.6,2.238134784106614,1954.0,10.0,1954.75
7.11,7.95,3.0618171300603563,1954.0,11.0,1954.8333333333333
4.235483870967743,3.9,1.9111163207397528,1954.0,12.0,1954.9166666666667
2.919354838709677,0.9,4.294369907591312,1955.0,1.0,1955.0
2.739285714285714,2.6,3.1028468750743614,1955.0,2.0,1955.0833333333333
4.54516129032258,2.8,4.807344291787821,1955.0,3.0,1955.1666666666667
10.896666666666665,10.3,3.4389737175333366,1955.0,4.0,1955.25
14.167741935483871,13.9,3.063373641023264,1955.0,5.0,1955.3333333333333
17.776666666666667,18.35,2.797250291876345,1955.0,6.0,1955.4166666666667
20.01935483870968,20.0,2.6340614210554154,1955.0,7.0,1955.5
19.20645161290323,19.1,1.868499484233444,1955.0,8.0,1955.5833333333333
15.513333333333334,15.850000000000001,3.2338440170232055,1955.0,9.0,1955.6666666666667
9.851612903225808,10.2,2.371760382464459,1955.0,10.0,1955.75
4.823333333333333,4.4,4.349687530064131,1955.0,11.0,1955.8333333333333
5.358064516129032,5.8,2.7280975292375924,1955.0,12.0,1955.9166666666667
3.835483870967742,3.9,2.2894756877353344,1956.0,1.0,1956.0
-6.120689655172414,-4.9,4.697520570193298,1956.0,2.0,1956.0833333333333
5.854838709677418,6.4,4.028965020918517,1956.0,3.0,1956.1666666666667
8.483333333333333,9.1,3.1228946931281265,1956.0,4.0,1956.25
15.270967741935484,15.1,3.5161715495111157,1956.0,5.0,1956.3333333333333
16.496666666666663,16.2,3.4486862399483655,1956.0,6.0,1956.4166666666667
19.467741935483872,19.2,2.678107179430302,1956.0,7.0,1956.5
17.241935483870964,17.1,2.4714063733764204,1956.0,8.0,1956.5833333333333
16.576666666666668,16.75,1.2989872270703644,1956.0,9.0,1956.6666666666667
8.977419354838709,7.6,3.8401136855931193,1956.0,10.0,1956.75
4.163333333333334,4.35,2.29023163010649,1956.0,11.0,1956.8333333333333
2.7483870967741932,2.4,2.9911949638610915,1956.0,12.0,1956.9166666666667
-0.1935483870967742,-0.1,3.6867271378890134,1957.0,1.0,1957.0
5.825,5.6,2.8233976117568127,1957.0,2.0,1957.0833333333333
9.035483870967742,8.8,3.3911206001455008,1957.0,3.0,1957.1666666666667
9.920000000000003,11.4,3.193787072124403,1957.0,4.0,1957.25
11.929032258064517,12.4,3.064549292406862,1957.0,5.0,1957.3333333333333
17.34333333333333,16.1,3.036522890473216,1957.0,6.0,1957.4166666666667
19.477419354838705,17.9,4.1964039905153205,1957.0,7.0,1957.5
18.006451612903227,17.1,3.0650650329012556,1957.0,8.0,1957.5833333333333
15.153333333333334,15.9,3.264937379484333,1957.0,9.0,1957.6666666666667
9.767741935483869,9.3,2.8294153809310965,1957.0,10.0,1957.75
6.416666666666668,6.9,2.4958010715010412,1957.0,11.0,1957.8333333333333
1.9838709677419357,1.9,2.7056849747883986,1957.0,12.0,1957.9166666666667
1.532258064516129,1.1,2.876501010692701,1958.0,1.0,1958.0
5.367857142857142,6.699999999999999,5.365324440255813,1958.0,2.0,1958.0833333333333
3.648387096774193,3.6,3.6167085374911387,1958.0,3.0,1958.1666666666667
7.463333333333333,7.25,2.9892316315612675,1958.0,4.0,1958.25
15.770967741935483,15.9,3.450042854650466,1958.0,5.0,1958.3333333333333
16.55,16.0,2.744367272093502,1958.0,6.0,1958.4166666666667
19.60967741935484,19.1,3.199620273168852,1958.0,7.0,1958.5
19.329032258064522,19.7,2.7597335074709775,1958.0,8.0,1958.5833333333333
17.526666666666667,17.55,2.6542007477196226,1958.0,9.0,1958.6666666666667
9.532258064516132,10.3,3.1988942982197455,1958.0,10.0,1958.75
5.490000000000001,5.25,1.696517731647124,1958.0,11.0,1958.8333333333333
4.367741935483871,5.3,3.139149258081898,1958.0,12.0,1958.9166666666667
2.364516129032258,1.1,3.7920573472366135,1959.0,1.0,1959.0
2.617857142857143,2.3499999999999996,2.2352485273087597,1959.0,2.0,1959.0833333333333
8.177419354838708,8.3,2.227062291812446,1959.0,3.0,1959.1666666666667
10.35,10.25,2.905138135477708,1959.0,4.0,1959.25
14.86451612903226,15.8,2.98200697373394,1959.0,5.0,1959.3333333333333
18.143333333333334,18.85,2.733279365881582,1959.0,6.0,1959.4166666666667
21.741935483870968,22.5,2.873531415471027,1959.0,7.0,1959.5
18.970967741935485,19.0,1.7197274102576252,1959.0,8.0,1959.5833333333333
17.246666666666666,16.9,1.712375509360453,1959.0,9.0,1959.6666666666667
10.390322580645163,10.7,2.427255629815928,1959.0,10.0,1959.75
4.2333333333333325,4.800000000000001,1.807519415326322,1959.0,11.0,1959.8333333333333
4.267741935483872,4.0,2.4072649898137093,1959.0,12.0,1959.9166666666667
1.5677419354838709,2.8,5.030532582591642,1960.0,1.0,1960.0
4.131034482758621,4.1,3.904036688231066,1960.0,2.0,1960.0833333333333
7.425806451612902,7.8,2.5321884792849945,1960.0,3.0,1960.1666666666667
10.096666666666666,9.850000000000001,2.8728795278621053,1960.0,4.0,1960.25
15.616129032258064,15.9,2.7775404916572684,1960.0,5.0,1960.3333333333333
18.89,18.9,2.4858704157976397,1960.0,6.0,1960.4166666666667
17.967741935483872,17.5,1.815009108659273,1960.0,7.0,1960.5
18.070967741935487,17.1,2.390982161983801,1960.0,8.0,1960.5833333333333
13.66333333333333,13.8,2.2082109053029444,1960.0,9.0,1960.6666666666667
10.006451612903225,10.1,2.7774011214168026,1960.0,10.0,1960.75
7.556666666666667,7.65,2.5773125984026573,1960.0,11.0,1960.8333333333333
2.5096774193548392,2.0,2.871161767033185,1960.0,12.0,1960.9166666666667
2.606451612903226,2.5,2.2251495056693704,1961.0,1.0,1961.0
5.782142857142857,5.6,2.5658806258755265,1961.0,2.0,1961.0833333333333
7.880645161290322,7.9,2.517858793345212,1961.0,3.0,1961.1666666666667
12.516666666666667,11.9,2.4292872991083607,1961.0,4.0,1961.25
13.390322580645163,13.5,2.936137467116697,1961.0,5.0,1961.3333333333333
18.28666666666667,17.7,3.9325988014712783,1961.0,6.0,1961.4166666666667
18.7483870967742,18.4,2.9727507988104143,1961.0,7.0,1961.5
18.57741935483871,18.2,2.450810706333635,1961.0,8.0,1961.5833333333333
18.84666666666667,19.25,2.1710847969165776,1961.0,9.0,1961.6666666666667
11.654838709677424,12.1,3.3511031725565057,1961.0,10.0,1961.75
5.61,5.65,2.215828637716405,1961.0,11.0,1961.8333333333333
3.819354838709678,1.6,5.607876565144108,1961.0,12.0,1961.9166666666667
2.851612903225806,2.3,3.1400499961775488,1962.0,1.0,1962.0
1.3428571428571432,1.35,2.4796099710368984,1962.0,2.0,1962.0833333333333
2.696774193548387,1.7,3.414819065091418,1962.0,3.0,1962.1666666666667
8.839999999999998,7.55,3.974626419226566,1962.0,4.0,1962.25
11.758064516129034,11.2,3.0885567496322492,1962.0,5.0,1962.3333333333333
15.923333333333334,15.899999999999999,4.032598489152205,1962.0,6.0,1962.4166666666667
17.964516129032255,18.5,3.2064048805577436,1962.0,7.0,1962.5
20.05483870967742,20.0,2.0139246443495047,1962.0,8.0,1962.5833333333333
15.000000000000002,14.45,4.487453774615438,1962.0,9.0,1962.6666666666667
10.170967741935485,10.2,2.8644014556141975,1962.0,10.0,1962.75
3.0033333333333325,2.3,2.9130483303084147,1962.0,11.0,1962.8333333333333
-1.232258064516129,0.0,4.106773843036583,1962.0,12.0,1962.9166666666667
-4.296774193548386,-5.9,5.882090550757598,1963.0,1.0,1963.0
-2.7142857142857144,-2.6,4.593934349142661,1963.0,2.0,1963.0833333333333
4.132258064516129,4.7,3.230519782405941,1963.0,3.0,1963.1666666666667
9.633333333333331,10.2,2.847180496844061,1963.0,4.0,1963.25
12.358064516129035,11.8,2.7836156575634248,1963.0,5.0,1963.3333333333333
15.9,16.0,2.242074162851028,1963.0,6.0,1963.4166666666667
19.332258064516132,19.1,1.999231034968894,1963.0,7.0,1963.5
16.403225806451616,17.2,2.986356070639461,1963.0,8.0,1963.5833333333333
14.65,14.45,2.4342031196237937,1963.0,9.0,1963.6666666666667
9.13225806451613,9.1,1.785009261745196,1963.0,10.0,1963.75
7.590000000000001,7.800000000000001,2.7453220400252274,1963.0,11.0,1963.8333333333333
-1.0000000000000002,-2.2,3.4136978971978955,1963.0,12.0,1963.9166666666667
-1.6,-1.8,1.5079787796915447,1964.0,1.0,1964.0
3.2551724137931037,2.7,2.594718014805208,1964.0,2.0,1964.0833333333333
4.393548387096774,5.3,2.8904365856932377,1964.0,3.0,1964.1666666666667
9.68,9.350000000000001,2.355243599671402,1964.0,4.0,1964.25
14.290322580645165,13.9,2.2986017255003355,1964.0,5.0,1964.3333333333333
17.48333333333333,17.0,1.8203984659169112,1964.0,6.0,1964.4166666666667
20.238709677419354,20.4,2.8296851908948977,1964.0,7.0,1964.5
17.932258064516127,17.3,2.7280502313036923,1964.0,8.0,1964.5833333333333
15.180000000000001,14.95,2.958377933936095,1964.0,9.0,1964.6666666666667
8.964516129032257,7.7,3.445629926645903,1964.0,10.0,1964.75
5.73,4.9,2.5959052636664217,1964.0,11.0,1964.8333333333333
0.40645161290322585,0.7,2.766819531986256,1964.0,12.0,1964.9166666666667
0.658064516129032,0.5,2.4983693606761976,1965.0,1.0,1965.0
-0.9642857142857142,-1.7,2.4252093129542884,1965.0,2.0,1965.0833333333333
4.138709677419355,6.2,5.394730603057941,1965.0,3.0,1965.1666666666667
7.666666666666667,7.949999999999999,1.9721043081690304,1965.0,4.0,1965.25
12.503225806451614,12.1,2.893266190192639,1965.0,5.0,1965.3333333333333
16.660000000000004,16.8,4.643022202446784,1965.0,6.0,1965.4166666666667
17.164516129032258,16.9,2.394653543082558,1965.0,7.0,1965.5
16.616129032258065,16.4,2.3706675254301337,1965.0,8.0,1965.5833333333333
12.509999999999996,12.1,2.282821907654858,1965.0,9.0,1965.6666666666667
9.822580645161288,9.9,1.9175869693305274,1965.0,10.0,1965.75
5.203333333333334,6.0,3.4560774390004365,1965.0,11.0,1965.8333333333333
3.2709677419354835,3.6,2.418703998478951,1965.0,12.0,1965.9166666666667
-0.2129032258064516,0.6,5.648406379117557,1966.0,1.0,1966.0
5.403571428571428,5.7,2.2029411556938454,1966.0,2.0,1966.0833333333333
4.3838709677419345,4.1,1.8597664323230754,1966.0,3.0,1966.1666666666667
10.276666666666667,10.05,2.093287026356549,1966.0,4.0,1966.25
13.632258064516128,13.8,2.862445003462855,1966.0,5.0,1966.3333333333333
17.796666666666667,18.1,2.7245351812782648,1966.0,6.0,1966.4166666666667
17.370967741935484,16.9,2.707667329195261,1966.0,7.0,1966.5
17.13548387096774,17.2,2.930022569548657,1966.0,8.0,1966.5833333333333
15.933333333333332,14.9,2.460352278299458,1966.0,9.0,1966.6666666666667
12.335483870967742,13.4,3.8181625936303245,1966.0,10.0,1966.75
3.0066666666666664,2.8,2.0022286433446816,1966.0,11.0,1966.8333333333333
2.3129032258064517,1.9,2.7652295788335395,1966.0,12.0,1966.9166666666667
0.767741935483871,1.4,4.165604165606248,1967.0,1.0,1967.0
2.914285714285714,2.2,3.8397255192906776,1967.0,2.0,1967.0833333333333
6.654838709677419,6.4,2.285437771292759,1967.0,3.0,1967.1666666666667
7.966666666666666,7.65,2.570298967359477,1967.0,4.0,1967.25
12.290322580645162,12.4,3.027689420301635,1967.0,5.0,1967.3333333333333
15.719999999999999,15.649999999999999,3.4085490896496893,1967.0,6.0,1967.4166666666667
20.15483870967742,19.9,2.176210576465035,1967.0,7.0,1967.5
17.974193548387095,17.9,2.0696163480116287,1967.0,8.0,1967.5833333333333
14.183333333333332,13.45,2.8070211641688694,1967.0,9.0,1967.6666666666667
11.922580645161293,11.0,3.478285945444907,1967.0,10.0,1967.75
5.133333333333334,4.949999999999999,2.146743055683758,1967.0,11.0,1967.8333333333333
-0.18064516129032251,0.2,4.039011376961669,1967.0,12.0,1967.9166666666667
-0.5903225806451613,-0.3,3.110021954768131,1968.0,1.0,1968.0
2.703448275862069,2.0,2.2576034636345637,1968.0,2.0,1968.0833333333333
5.4548387096774205,4.3,3.18033946926817,1968.0,3.0,1968.1666666666667
9.803333333333336,9.15,4.160278781551771,1968.0,4.0,1968.25
12.045161290322582,12.5,3.023335763653278,1968.0,5.0,1968.3333333333333
16.28666666666667,15.55,3.164864581003736,1968.0,6.0,1968.4166666666667
18.232258064516127,16.8,3.4596133788593777,1968.0,7.0,1968.5
16.009677419354837,16.3,1.6071413210438128,1968.0,8.0,1968.5833333333333
13.523333333333335,13.55,1.6340521524056721,1968.0,9.0,1968.6666666666667
11.803225806451612,11.7,2.1959787295520785,1968.0,10.0,1968.75
4.793333333333334,5.4,3.357537411744561,1968.0,11.0,1968.8333333333333
1.5258064516129035,2.6,3.264247513280356,1968.0,12.0,1968.9166666666667
1.293548387096774,1.9,2.455189807173228,1969.0,1.0,1969.0
-0.20714285714285716,0.75,3.151005550429256,1969.0,2.0,1969.0833333333333
5.083870967741935,3.9,2.522313326319518,1969.0,3.0,1969.1666666666667
8.646666666666667,9.2,3.1638838347101537,1969.0,4.0,1969.25
13.612903225806452,13.5,2.8392184294841742,1969.0,5.0,1969.3333333333333
14.24,15.05,3.104679449276305,1969.0,6.0,1969.4166666666667
19.2741935483871,20.0,3.5626738780430522,1969.0,7.0,1969.5
17.66129032258064,18.7,3.751682060032525,1969.0,8.0,1969.5833333333333
15.290000000000001,15.3,1.827066614492505,1969.0,9.0,1969.6666666666667
10.322580645161288,10.4,1.456871002621567,1969.0,10.0,1969.75
5.626666666666667,5.35,3.82874187793015,1969.0,11.0,1969.8333333333333
-1.6354838709677417,-2.5,2.3552138455062877,1969.0,12.0,1969.9166666666667
0.30000000000000016,-0.1,2.837722091161618,1970.0,1.0,1970.0
2.728571428571428,3.0,3.7300439023190486,1970.0,2.0,1970.0833333333333
2.606451612903226,3.3,3.4828087787369713,1970.0,3.0,1970.1666666666667
6.633333333333332,5.9,4.2785216052319734,1970.0,4.0,1970.25
12.11935483870968,11.9,2.306862133554107,1970.0,5.0,1970.3333333333333
17.616666666666667,17.5,2.528060907894228,1970.0,6.0,1970.4166666666667
18.570967741935483,19.3,3.3960951643897435,1970.0,7.0,1970.5
18.461290322580652,18.7,3.119260320370288,1970.0,8.0,1970.5833333333333
15.330000000000002,14.6,2.8093624261350314,1970.0,9.0,1970.6666666666667
8.88709677419355,8.6,3.303406518074322,1970.0,10.0,1970.75
6.256666666666666,6.75,2.901567154835984,1970.0,11.0,1970.8333333333333
1.0999999999999999,0.6,3.7585458180879834,1970.0,12.0,1970.9166666666667
-1.280645161290323,-1.4,5.0035600229462425,1971.0,1.0,1971.0
1.7357142857142858,2.2,2.0645534510835395,1971.0,2.0,1971.0833333333333
1.3516129032258064,3.2,4.022260638641073,1971.0,3.0,1971.1666666666667
11.1,10.850000000000001,2.502825988964171,1971.0,4.0,1971.25
13.970967741935484,14.9,2.830334909321639,1971.0,5.0,1971.3333333333333
15.233333333333336,15.649999999999999,2.3658975599902496,1971.0,6.0,1971.4166666666667
20.296774193548387,20.7,2.516278186921807,1971.0,7.0,1971.5
19.96774193548387,19.6,2.7661510077812927,1971.0,8.0,1971.5833333333333
14.223333333333333,14.3,2.1152456991602873,1971.0,9.0,1971.6666666666667
10.30967741935484,9.9,2.4547036261987145,1971.0,10.0,1971.75
3.6100000000000003,4.05,3.6467604896627797,1971.0,11.0,1971.8333333333333
1.2129032258064518,1.7,2.5291292224115227,1971.0,12.0,1971.9166666666667
1.1225806451612905,1.2,1.7693143073743482,1972.0,1.0,1972.0
3.3448275862068964,3.5,1.8090222708288253,1972.0,2.0,1972.0833333333333
6.167741935483872,7.0,2.3058457735032487,1972.0,3.0,1972.1666666666667
8.483333333333334,8.05,2.4312737307886554,1972.0,4.0,1972.25
12.541935483870963,12.9,2.863654331275382,1972.0,5.0,1972.3333333333333
15.283333333333333,15.25,2.6644638890576005,1972.0,6.0,1972.4166666666667
18.322580645161292,18.0,2.5413526158877615,1972.0,7.0,1972.5
17.587096774193547,16.8,3.1407793019656616,1972.0,8.0,1972.5833333333333
11.883333333333333,10.6,3.059533808676868,1972.0,9.0,1972.6666666666667
8.251612903225807,8.6,1.8982221450156873,1972.0,10.0,1972.75
6.266666666666667,6.6,3.463338366905284,1972.0,11.0,1972.8333333333333
1.1774193548387097,0.3,2.636374995762092,1972.0,12.0,1972.9166666666667
0.25483870967741923,0.1,1.6903330460153743,1973.0,1.0,1973.0
1.135714285714286,0.95,1.6571314540749795,1973.0,2.0,1973.0833333333333
4.032258064516128,3.6,2.8842546231535793,1973.0,3.0,1973.1666666666667
6.563333333333334,6.449999999999999,2.743579757371284,1973.0,4.0,1973.25
13.883870967741935,14.5,2.919942553566599,1973.0,5.0,1973.3333333333333
17.046666666666667,17.299999999999997,2.9077462932221456,1973.0,6.0,1973.4166666666667
18.280645161290323,18.7,2.5713056806272188,1973.0,7.0,1973.5
19.487096774193546,20.2,2.043484268838213,1973.0,8.0,1973.5833333333333
15.41,15.899999999999999,3.4012523048693857,1973.0,9.0,1973.6666666666667
8.561290322580643,8.7,3.4035939259704917,1973.0,10.0,1973.75
4.066666666666666,4.1,3.5237453950584174,1973.0,11.0,1973.8333333333333
0.8032258064516131,0.7,3.397988019497002,1973.0,12.0,1973.9166666666667
3.212903225806452,3.0,2.413398977304812,1974.0,1.0,1974.0
4.446428571428572,4.6,2.294676955051043,1974.0,2.0,1974.0833333333333
7.264516129032256,7.1,4.153275686097804,1974.0,3.0,1974.1666666666667
8.96,9.5,2.5303127788122737,1974.0,4.0,1974.25
12.2,12.3,3.2119568282694377,1974.0,5.0,1974.3333333333333
15.183333333333334,15.649999999999999,2.2165651173697176,1974.0,6.0,1974.4166666666667
18.209677419354836,18.3,2.4154164359670536,1974.0,7.0,1974.5
18.896774193548385,19.1,2.867691739706082,1974.0,8.0,1974.5833333333333
14.146666666666667,14.55,3.846963274685841,1974.0,9.0,1974.6666666666667
5.516129032258063,5.8,1.620719341155556,1974.0,10.0,1974.75
5.273333333333335,4.6,2.28864262336243,1974.0,11.0,1974.8333333333333
3.67741935483871,4.0,3.036962262680628,1974.0,12.0,1974.9166666666667
3.519354838709677,3.7,2.5218272944882263,1975.0,1.0,1975.0
2.1821428571428574,1.7,1.8257527258292718,1975.0,2.0,1975.0833333333333
4.467741935483871,4.4,2.0879634570196535,1975.0,3.0,1975.1666666666667
8.84,10.75,4.72765889428263,1975.0,4.0,1975.25
12.780645161290325,11.9,3.426603698011459,1975.0,5.0,1975.3333333333333
15.23,15.55,3.629016205625108,1975.0,6.0,1975.4166666666667
19.077419354838714,19.2,2.4918145566928196,1975.0,7.0,1975.5
18.574193548387097,18.5,2.7927248034772405,1975.0,8.0,1975.5833333333333
15.859999999999998,16.35,1.7594278066736786,1975.0,9.0,1975.6666666666667
8.219354838709679,7.7,2.8605849465728403,1975.0,10.0,1975.75
6.010000000000001,6.5,2.896888937678036,1975.0,11.0,1975.8333333333333
1.3161290322580643,2.0,2.7204284924981392,1975.0,12.0,1975.9166666666667
0.9419354838709678,1.1,3.2150452763580573,1976.0,1.0,1976.0
1.6379310344827587,1.9,1.67404851293065,1976.0,2.0,1976.0833333333333
4.438709677419355,4.7,3.095661202323325,1976.0,3.0,1976.1666666666667
8.636666666666667,7.95,3.0566471752596813,1976.0,4.0,1976.25
14.416129032258064,14.4,2.6497920389084055,1976.0,5.0,1976.3333333333333
19.45666666666667,20.450000000000003,3.332357903257437,1976.0,6.0,1976.4166666666667
20.4483870967742,20.6,2.9589267161976074,1976.0,7.0,1976.5
17.151612903225804,17.4,1.3728002932551004,1976.0,8.0,1976.5833333333333
12.916666666666668,12.850000000000001,1.9692609034221764,1976.0,9.0,1976.6666666666667
10.525806451612905,10.2,2.2176515719615777,1976.0,10.0,1976.75
5.413333333333333,5.7,2.03753287823413,1976.0,11.0,1976.8333333333333
0.8354838709677419,0.0,3.461747958002024,1976.0,12.0,1976.9166666666667
1.6161290322580646,1.4,2.345363763426838,1977.0,1.0,1977.0
5.450000000000001,5.5,3.2451102817532624,1977.0,2.0,1977.0833333333333
7.483870967741935,7.5,3.0041190360562777,1977.0,3.0,1977.1666666666667
8.146666666666667,7.8,3.7633196399779383,1977.0,4.0,1977.25
11.996774193548388,13.2,2.785855209322952,1977.0,5.0,1977.3333333333333
15.443333333333335,15.350000000000001,1.4274847262503938,1977.0,6.0,1977.4166666666667
18.19354838709678,18.3,2.2689109698812135,1977.0,7.0,1977.5
16.83225806451613,16.7,1.5877420228685755,1977.0,8.0,1977.5833333333333
13.623333333333333,14.05,3.349697189951327,1977.0,9.0,1977.6666666666667
10.893548387096772,10.3,2.7333661157226348,1977.0,10.0,1977.75
5.39,4.4,4.314478431737843,1977.0,11.0,1977.8333333333333
2.4967741935483883,2.8,2.864551607839959,1977.0,12.0,1977.9166666666667
1.1645161290322583,1.2,2.122820197613978,1978.0,1.0,1978.0
1.9678571428571432,2.0,3.677162107389497,1978.0,2.0,1978.0833333333333
5.751612903225806,5.5,2.1657748371336503,1978.0,3.0,1978.1666666666667
7.756666666666666,8.3,2.347365850646552,1978.0,4.0,1978.25
12.035483870967743,11.9,2.6558800659538795,1978.0,5.0,1978.3333333333333
15.690000000000001,15.85,3.058774827978657,1978.0,6.0,1978.4166666666667
17.590322580645164,17.6,2.8988911487796707,1978.0,7.0,1978.5
16.56451612903226,15.9,2.5048683780585854,1978.0,8.0,1978.5833333333333
14.229999999999999,14.25,1.9560956890775019,1978.0,9.0,1978.6666666666667
8.600000000000001,8.7,1.6239868636578723,1978.0,10.0,1978.75
3.7033333333333336,4.2,2.2893280648491046,1978.0,11.0,1978.8333333333333
3.209677419354839,2.7,3.75733547776521,1978.0,12.0,1978.9166666666667
-1.0709677419354837,-1.1,3.056925857610016,1979.0,1.0,1979.0
4.042857142857144,3.55,3.0291703510817967,1979.0,2.0,1979.0833333333333
6.16774193548387,6.2,2.3876609330436334,1979.0,3.0,1979.1666666666667
7.46,7.550000000000001,2.5536451296677587,1979.0,4.0,1979.25
12.735483870967743,13.7,4.364214200906946,1979.0,5.0,1979.3333333333333
17.0,18.05,2.769165192268054,1979.0,6.0,1979.4166666666667
19.083870967741937,18.6,2.7852105574735937,1979.0,7.0,1979.5
17.003225806451614,16.6,3.2109691030349645,1979.0,8.0,1979.5833333333333
14.956666666666667,16.45,3.3233430751883413,1979.0,9.0,1979.6666666666667
10.812903225806453,11.2,1.8597028320825653,1979.0,10.0,1979.75
4.56,4.2,3.470923557906107,1979.0,11.0,1979.8333333333333
3.374193548387097,2.5,2.6444870632992306,1979.0,12.0,1979.9166666666667
0.7741935483870968,-0.1,3.2896775669696954,1980.0,1.0,1980.0
4.341379310344828,3.9,2.12393120035522,1980.0,2.0,1980.0833333333333
5.454838709677419,5.4,2.356669784487907,1980.0,3.0,1980.1666666666667
7.513333333333332,7.050000000000001,3.0221861616059162,1980.0,4.0,1980.25
11.541935483870967,11.5,1.5880332056873343,1980.0,5.0,1980.3333333333333
14.686666666666666,14.25,2.6263562451496907,1980.0,6.0,1980.4166666666667
16.400000000000002,15.8,2.9389340471220744,1980.0,7.0,1980.5
18.790322580645164,19.4,2.3389962004685794,1980.0,8.0,1980.5833333333333
15.42333333333333,15.3,1.4373546903068588,1980.0,9.0,1980.6666666666667
8.783870967741938,8.3,3.159229523601554,1980.0,10.0,1980.75
3.776666666666666,3.3,3.308472231370112,1980.0,11.0,1980.8333333333333
-0.2741935483870967,-0.1,3.197599906381398,1980.0,12.0,1980.9166666666667
-0.6903225806451614,-0.8,2.7193571346563603,1981.0,1.0,1981.0
-0.4392857142857142,-0.6,2.420948587535899,1981.0,2.0,1981.0833333333333
7.9064516129032265,8.7,3.6170831235376175,1981.0,3.0,1981.1666666666667
10.483333333333336,10.55,3.370161495499455,1981.0,4.0,1981.25
12.480645161290322,12.9,3.132136582253793,1981.0,5.0,1981.3333333333333
16.47666666666667,15.45,3.352269774895535,1981.0,6.0,1981.4166666666667
17.261290322580642,17.7,2.763292410556031,1981.0,7.0,1981.5
18.519354838709678,18.5,2.3503786013943526,1981.0,8.0,1981.5833333333333
15.23333333333333,15.7,2.767213628249148,1981.0,9.0,1981.6666666666667
10.03548387096774,10.9,3.6854261071683214,1981.0,10.0,1981.75
4.4,4.35,3.0511727536168434,1981.0,11.0,1981.8333333333333
1.9870967741935484,2.0,3.1347240107632945,1981.0,12.0,1981.9166666666667
3.012903225806452,3.0,2.843441803575832,1982.0,1.0,1982.0
2.3714285714285714,2.9,1.909403075785756,1982.0,2.0,1982.0833333333333
5.006451612903225,4.7,2.0482407872563826,1982.0,3.0,1982.1666666666667
8.84,8.8,2.095084559234979,1982.0,4.0,1982.25
13.361290322580643,14.2,3.8624411468530138,1982.0,5.0,1982.3333333333333
17.33,17.6,2.180501365946958,1982.0,6.0,1982.4166666666667
20.24516129032258,20.4,2.8927309714382843,1982.0,7.0,1982.5
17.94516129032258,18.0,2.6660631037389715,1982.0,8.0,1982.5833333333333
16.023333333333333,16.75,2.6340847174778896,1982.0,9.0,1982.6666666666667
9.741935483870968,9.4,2.0341704604987245,1982.0,10.0,1982.75
6.166666666666668,5.65,2.336123126970797,1982.0,11.0,1982.8333333333333
3.7322580645161287,3.8,3.1139885566878363,1982.0,12.0,1982.9166666666667
2.061290322580645,2.0,3.147239787428008,1983.0,1.0,1983.0
0.3535714285714286,-0.35,2.716135891279039,1983.0,2.0,1983.0833333333333
5.945161290322582,6.1,2.7751082513032914,1983.0,3.0,1983.1666666666667
8.893333333333336,9.7,3.3536324447847057,1983.0,4.0,1983.25
11.16774193548387,11.3,2.492573916894501,1983.0,5.0,1983.3333333333333
17.669999999999998,17.2,2.457521880493325,1983.0,6.0,1983.4166666666667
22.674193548387098,23.0,2.9010305918110646,1983.0,7.0,1983.5
19.374193548387098,19.3,1.8615348043904498,1983.0,8.0,1983.5833333333333
15.906666666666666,15.7,2.680315644476036,1983.0,9.0,1983.6666666666667
10.435483870967742,11.3,3.6292835277408653,1983.0,10.0,1983.75
5.173333333333333,5.75,2.5977355302373395,1983.0,11.0,1983.8333333333333
2.1774193548387095,2.2,2.8696933259402884,1983.0,12.0,1983.9166666666667
1.7870967741935484,2.0,2.3119604863237995,1984.0,1.0,1984.0
1.4896551724137927,1.7,2.799533740207747,1984.0,2.0,1984.0833333333333
3.467741935483871,3.7,2.557132130176851,1984.0,3.0,1984.1666666666667
8.309999999999999,7.15,3.655638064028278,1984.0,4.0,1984.25
10.361290322580645,10.1,1.7356415565730228,1984.0,5.0,1984.3333333333333
16.07,16.4,3.0503985042093693,1984.0,6.0,1984.4166666666667
19.56451612903226,19.0,3.2536695578066697,1984.0,7.0,1984.5
18.36774193548387,18.3,1.2949612855922745,1984.0,8.0,1984.5833333333333
13.876666666666667,13.25,3.3173195799323127,1984.0,9.0,1984.6666666666667
10.603225806451615,10.6,2.725127993442723,1984.0,10.0,1984.75
6.443333333333333,6.35,2.502782359740831,1984.0,11.0,1984.8333333333333
2.82258064516129,2.6,2.098207119966847,1984.0,12.0,1984.9166666666667
-3.4161290322580644,-1.7,5.223415024304409,1985.0,1.0,1985.0
0.07499999999999998,0.6,4.801668305757752,1985.0,2.0,1985.0833333333333
3.067741935483871,2.7,2.932278647147322,1985.0,3.0,1985.1666666666667
9.383333333333335,9.05,2.6115239748591947,1985.0,4.0,1985.25
12.380645161290321,12.5,3.324897928742947,1985.0,5.0,1985.3333333333333
15.293333333333331,15.25,2.4431372331962615,1985.0,6.0,1985.4166666666667
20.32903225806452,20.2,2.106528510509981,1985.0,7.0,1985.5
18.25483870967742,18.7,3.000426492981447,1985.0,8.0,1985.5833333333333
16.356666666666666,16.75,1.6321518128623589,1985.0,9.0,1985.6666666666667
11.235483870967744,10.7,4.329707333226791,1985.0,10.0,1985.75
2.923333333333333,0.95,4.381283336895814,1985.0,11.0,1985.8333333333333
2.712903225806452,2.9,3.448936254894048,1985.0,12.0,1985.9166666666667
1.503225806451613,1.3,2.7555379234029473,1986.0,1.0,1986.0
-1.8178571428571428,-1.5,3.195025482009154,1986.0,2.0,1986.0833333333333
4.658064516129033,4.6,2.7923436027285264,1986.0,3.0,1986.1666666666667
6.9333333333333345,7.15,3.109089381412055,1986.0,4.0,1986.25
15.396774193548389,15.8,2.996496161738211,1986.0,5.0,1986.3333333333333
17.186666666666664,18.9,4.830201918627486,1986.0,6.0,1986.4166666666667
19.796774193548384,18.5,2.8591938107291415,1986.0,7.0,1986.5
18.425806451612903,18.9,3.8647956170139612,1986.0,8.0,1986.5833333333333
15.453333333333331,14.850000000000001,2.7289929092708496,1986.0,9.0,1986.6666666666667
11.835483870967742,13.6,3.2782666545088297,1986.0,10.0,1986.75
4.993333333333333,5.0,1.8403397987090981,1986.0,11.0,1986.8333333333333
2.335483870967742,3.2,3.0831313505478777,1986.0,12.0,1986.9166666666667
-1.8806451612903223,-2.4,4.342995844256106,1987.0,1.0,1987.0
2.35,1.85,2.573583752927682,1987.0,2.0,1987.0833333333333
3.551612903225807,2.4,3.433838568108285,1987.0,3.0,1987.1666666666667
9.93,9.35,3.771869562962113,1987.0,4.0,1987.25
11.058064516129033,10.2,3.217325410290188,1987.0,5.0,1987.3333333333333
15.3,15.1,3.3407618375413133,1987.0,6.0,1987.4166666666667
19.41290322580645,19.3,2.6690500102076107,1987.0,7.0,1987.5
18.806451612903224,18.9,2.7392134496202822,1987.0,8.0,1987.5833333333333
17.53666666666667,18.15,3.486771388067144,1987.0,9.0,1987.6666666666667
11.583870967741934,11.4,1.972324647751742,1987.0,10.0,1987.75
6.226666666666666,5.300000000000001,2.605423168135547,1987.0,11.0,1987.8333333333333
3.3,2.8,3.351019745291474,1987.0,12.0,1987.9166666666667
4.316129032258066,3.8,2.3531676203497205,1988.0,1.0,1988.0
2.655172413793104,2.6,2.140191280986777,1988.0,2.0,1988.0833333333333
5.112903225806451,5.7,3.18776221776174,1988.0,3.0,1988.1666666666667
9.363333333333335,9.350000000000001,2.1382370007238127,1988.0,4.0,1988.25
13.948387096774194,13.5,1.994637973458164,1988.0,5.0,1988.3333333333333
16.88,17.65,2.328296698713757,1988.0,6.0,1988.4166666666667
18.870967741935477,18.9,2.692234951161964,1988.0,7.0,1988.5
19.506451612903223,20.5,3.4652499172855213,1988.0,8.0,1988.5833333333333
14.996666666666666,15.1,2.5293427432128843,1988.0,9.0,1988.6666666666667
11.554838709677421,11.9,2.1478421279162054,1988.0,10.0,1988.75
4.656666666666667,5.25,3.516922962823721,1988.0,11.0,1988.8333333333333
2.8935483870967746,2.3,2.8711130807720977,1988.0,12.0,1988.9166666666667
1.503225806451613,1.4,2.1868522082310826,1989.0,1.0,1989.0
3.0749999999999997,2.5,3.3176994483571938,1989.0,2.0,1989.0833333333333
8.029032258064516,7.4,2.796687749033023,1989.0,3.0,1989.1666666666667
8.126666666666667,7.9,2.0414554195193824,1989.0,4.0,1989.25
15.258064516129032,15.6,2.4211256601766022,1989.0,5.0,1989.3333333333333
17.313333333333336,18.6,3.217059412626353,1989.0,6.0,1989.4166666666667
20.95483870967742,20.8,2.089790852322694,1989.0,7.0,1989.5
19.929032258064517,20.9,3.07627410443078,1989.0,8.0,1989.5833333333333
15.729999999999999,15.65,1.9028381705884179,1989.0,9.0,1989.6666666666667
11.196774193548388,11.2,2.015024213414112,1989.0,10.0,1989.75
4.3066666666666675,4.05,3.7069304462497454,1989.0,11.0,1989.8333333333333
3.9096774193548383,0.8,4.927971512276268,1989.0,12.0,1989.9166666666667
1.5580645161290323,0.6,2.9457058230072675,1990.0,1.0,1990.0
6.853571428571428,7.25,2.235650894177112,1990.0,2.0,1990.0833333333333
7.677419354838712,8.6,3.187131382860284,1990.0,3.0,1990.1666666666667
8.366666666666667,7.6,2.4936240533689578,1990.0,4.0,1990.25
15.761290322580646,15.7,1.2903946216448257,1990.0,5.0,1990.3333333333333
16.60333333333333,15.75,3.137919729675228,1990.0,6.0,1990.4166666666667
19.996774193548386,20.6,2.6253233287816498,1990.0,7.0,1990.5
20.287096774193547,20.1,2.562777391227972,1990.0,8.0,1990.5833333333333
15.296666666666663,15.600000000000001,2.1090091370664767,1990.0,9.0,1990.6666666666667
12.09032258064516,12.3,2.313201942288319,1990.0,10.0,1990.75
5.659999999999999,5.55,2.55486014193098,1990.0,11.0,1990.8333333333333
1.3225806451612905,0.7,2.716089060569671,1990.0,12.0,1990.9166666666667
2.56774193548387,2.3,3.8102832000411895,1991.0,1.0,1991.0
0.1285714285714285,0.0,3.9006036705501104,1991.0,2.0,1991.0833333333333
7.82258064516129,7.8,2.004779235962463,1991.0,3.0,1991.1666666666667
8.476666666666668,9.2,2.809427887928655,1991.0,4.0,1991.25
11.341935483870968,11.1,3.52531551245638,1991.0,5.0,1991.3333333333333
16.610000000000003,16.45,3.308229029306288,1991.0,6.0,1991.4166666666667
21.18709677419354,21.7,2.406621689628274,1991.0,7.0,1991.5
21.309677419354838,21.7,1.6535527083040886,1991.0,8.0,1991.5833333333333
17.86,18.15,2.5463428812643274,1991.0,9.0,1991.6666666666667
9.816129032258067,10.8,3.0412822705994205,1991.0,10.0,1991.75
5.69,4.800000000000001,2.9277919183646532,1991.0,11.0,1991.8333333333333
1.4838709677419357,1.1,2.4881180001751724,1991.0,12.0,1991.9166666666667
0.3483870967741936,0.5,2.9212863568117764,1992.0,1.0,1992.0
2.8999999999999995,3.9,2.8877821445333636,1992.0,2.0,1992.0833333333333
6.848387096774194,6.9,1.925940630400625,1992.0,3.0,1992.1666666666667
10.113333333333335,9.7,4.103214327340452,1992.0,4.0,1992.25
15.63225806451613,16.1,3.0753197228661384,1992.0,5.0,1992.3333333333333
16.6,16.6,2.526958100439995,1992.0,6.0,1992.4166666666667
20.17096774193548,20.1,2.8246762113425907,1992.0,7.0,1992.5
22.02258064516129,22.6,2.91109483155042,1992.0,8.0,1992.5833333333333
15.703333333333335,16.05,2.109172632906633,1992.0,9.0,1992.6666666666667
9.493548387096775,10.8,3.1311271116400414,1992.0,10.0,1992.75
7.243333333333331,7.85,2.477858270602942,1992.0,11.0,1992.8333333333333
2.619354838709678,2.2,2.775538308729643,1992.0,12.0,1992.9166666666667
3.3483870967741933,3.9,4.319249237829952,1993.0,1.0,1993.0
0.8535714285714285,1.05,1.8572145895792527,1993.0,2.0,1993.0833333333333
5.406451612903226,4.8,4.020359476785707,1993.0,3.0,1993.1666666666667
10.639999999999999,10.3,3.2168307384753714,1993.0,4.0,1993.25
14.76774193548387,13.9,2.3809503840237403,1993.0,5.0,1993.3333333333333
17.946666666666662,18.299999999999997,2.7926916114712,1993.0,6.0,1993.4166666666667
18.799999999999997,18.7,3.3129040634062035,1993.0,7.0,1993.5
19.85806451612903,21.5,3.297855282204722,1993.0,8.0,1993.5833333333333
14.020000000000001,14.9,2.6143371283538883,1993.0,9.0,1993.6666666666667
9.209677419354836,9.9,2.2533463764972126,1993.0,10.0,1993.75
3.9399999999999995,3.55,3.870364858502495,1993.0,11.0,1993.8333333333333
4.674193548387098,5.4,3.486638088659378,1993.0,12.0,1993.9166666666667
3.503225806451613,3.2,2.9266002882716715,1994.0,1.0,1994.0
3.9178571428571423,3.8499999999999996,3.1688359320137045,1994.0,2.0,1994.0833333333333
10.106451612903228,9.8,2.2922965898665857,1994.0,3.0,1994.1666666666667
8.196666666666667,7.5,4.061126337167656,1994.0,4.0,1994.25
14.764516129032257,15.1,1.9574725859462712,1994.0,5.0,1994.3333333333333
18.016666666666662,18.5,3.7561061397853672,1994.0,6.0,1994.4166666666667
22.60967741935484,22.8,2.0807618538586095,1994.0,7.0,1994.5
21.119354838709675,20.3,2.56533550175394,1994.0,8.0,1994.5833333333333
15.08,15.7,3.2840681247921544,1994.0,9.0,1994.6666666666667
11.187096774193547,11.7,2.875962671927885,1994.0,10.0,1994.75
8.76333333333333,8.9,1.9572118334302857,1994.0,11.0,1994.8333333333333
4.812903225806452,4.7,3.412403057034135,1994.0,12.0,1994.9166666666667
1.7838709677419355,2.7,4.369065252750947,1995.0,1.0,1995.0
5.982142857142857,6.1,2.0296056123786568,1995.0,2.0,1995.0833333333333
5.1258064516129025,4.9,2.635016475841658,1995.0,3.0,1995.1666666666667
10.143333333333334,9.649999999999999,2.4351850929203738,1995.0,4.0,1995.25
13.690322580645164,13.7,3.3054858280046804,1995.0,5.0,1995.3333333333333
16.32,15.0,3.5341096523003865,1995.0,6.0,1995.4166666666667
22.18064516129032,21.8,2.3854306885534258,1995.0,7.0,1995.5
19.551612903225802,20.0,2.820268423128306,1995.0,8.0,1995.5833333333333
13.43,13.6,2.0058792895231585,1995.0,9.0,1995.6666666666667
13.909677419354841,14.4,1.9336243755720632,1995.0,10.0,1995.75
5.623333333333334,4.9,3.1046887048499707,1995.0,11.0,1995.8333333333333
2.5225806451612898,1.5,3.715975392582622,1995.0,12.0,1995.9166666666667
2.748387096774194,2.7,1.8683095688780516,1996.0,1.0,1996.0
1.5275862068965516,1.7,2.4364635601221196,1996.0,2.0,1996.0833333333333
4.767741935483872,3.8,3.699674498905202,1996.0,3.0,1996.1666666666667
10.1,10.6,3.7473668916573484,1996.0,4.0,1996.25
13.748387096774191,13.8,3.0378579040437836,1996.0,5.0,1996.3333333333333
18.449999999999996,18.6,3.0325532658709933,1996.0,6.0,1996.4166666666667
18.787096774193547,19.4,2.8560744546181884,1996.0,7.0,1996.5
18.24516129032258,18.6,2.417000718476989,1996.0,8.0,1996.5833333333333
12.79,12.55,1.6297556406639195,1996.0,9.0,1996.6666666666667
10.687096774193547,10.7,1.8242335258922437,1996.0,10.0,1996.75
5.833333333333333,5.85,3.3672185731758235,1996.0,11.0,1996.8333333333333
2.2677419354838713,3.3,3.6739068303169393,1996.0,12.0,1996.9166666666667
0.6870967741935485,0.6,2.3200203929396643,1997.0,1.0,1997.0
5.164285714285714,5.65,3.6688088980156395,1997.0,2.0,1997.0833333333333
7.8677419354838705,7.9,2.0336153514982773,1997.0,3.0,1997.1666666666667
9.723333333333333,9.5,2.352061946951834,1997.0,4.0,1997.25
14.535483870967743,14.9,3.0235242556875876,1997.0,5.0,1997.3333333333333
16.903333333333332,16.4,3.0661087698426073,1997.0,6.0,1997.4166666666667
18.25806451612903,18.5,2.229614943370026,1997.0,7.0,1997.5
20.86451612903226,21.5,2.3462805156384254,1997.0,8.0,1997.5833333333333
16.736666666666668,16.3,2.615666768469975,1997.0,9.0,1997.6666666666667
10.764516129032257,11.2,5.109243152502907,1997.0,10.0,1997.75
6.1433333333333335,5.65,2.4846679280426343,1997.0,11.0,1997.8333333333333
3.5645161290322576,3.6,2.8963826159650448,1997.0,12.0,1997.9166666666667
3.1935483870967745,2.4,3.0397297559564915,1998.0,1.0,1998.0
4.017857142857143,3.8499999999999996,3.4133782084103705,1998.0,2.0,1998.0833333333333
7.0838709677419365,7.5,3.179632764350159,1998.0,3.0,1998.1666666666667
9.346666666666666,8.649999999999999,3.65708884914965,1998.0,4.0,1998.25
15.793548387096775,15.7,2.5402014990771855,1998.0,5.0,1998.3333333333333
18.353333333333335,19.55,3.6693260992978685,1998.0,6.0,1998.4166666666667
21.11935483870968,21.0,3.100582671567685,1998.0,7.0,1998.5
20.035483870967745,20.3,3.5951400887955005,1998.0,8.0,1998.5833333333333
14.916666666666664,14.3,3.401833515086801,1998.0,9.0,1998.6666666666667
11.277419354838708,11.7,2.005610410393696,1998.0,10.0,1998.75
3.3700000000000006,3.3499999999999996,3.974153564184975,1998.0,11.0,1998.8333333333333
1.4419354838709681,1.3,2.983820168123227,1998.0,12.0,1998.9166666666667
2.62258064516129,2.2,2.856770866721067,1999.0,1.0,1999.0
1.7464285714285714,2.45,3.3363855073969275,1999.0,2.0,1999.0833333333333
7.119354838709678,7.2,2.5546584057154242,1999.0,3.0,1999.1666666666667
9.736666666666666,9.9,2.9915378738325735,1999.0,4.0,1999.25
16.67419354838709,16.5,2.765015701213465,1999.0,5.0,1999.3333333333333
17.080000000000002,17.200000000000003,2.1852799078978573,1999.0,6.0,1999.4166666666667
20.96451612903226,21.0,1.9227668236332034,1999.0,7.0,1999.5
19.912903225806453,20.5,2.0982122446635167,1999.0,8.0,1999.5833333333333
18.203333333333333,18.35,1.8269030386541256,1999.0,9.0,1999.6666666666667
11.367741935483872,11.5,1.937246688262183,1999.0,10.0,1999.75
4.446666666666667,4.3,4.455584123889647,1999.0,11.0,1999.8333333333333
3.5096774193548392,3.7,3.417050856972981,1999.0,12.0,1999.9166666666667
1.3225806451612905,1.9,3.1055552029032696,2000.0,1.0,2000.0
4.924137931034482,4.6,2.489213182113949,2000.0,2.0,2000.0833333333333
7.129032258064515,7.3,2.1980587720967333,2000.0,3.0,2000.1666666666667
10.78333333333333,10.55,2.8002565563907167,2000.0,4.0,2000.25
16.53225806451613,16.7,2.076597713693273,2000.0,5.0,2000.3333333333333
19.850000000000005,20.2,2.6338316129770414,2000.0,6.0,2000.4166666666667
18.516129032258064,18.7,3.2723179118369647,2000.0,7.0,2000.5
20.716129032258063,21.3,2.7228779840692523,2000.0,8.0,2000.5833333333333
16.826666666666668,16.55,2.236674460818597,2000.0,9.0,2000.6666666666667
12.154838709677415,12.1,1.51257808827124,2000.0,10.0,2000.75
7.313333333333334,7.4,2.1594592767209324,2000.0,11.0,2000.8333333333333
5.319354838709676,5.2,2.783692913480066,2000.0,12.0,2000.9166666666667
3.3580645161290326,3.8,2.669928113083245,2001.0,1.0,2001.0
4.700000000000002,4.800000000000001,3.5267233769857502,2001.0,2.0,2001.0833333333333
8.79032258064516,8.7,3.187094271036412,2001.0,3.0,2001.1666666666667
8.406666666666668,8.2,3.063684206888861,2001.0,4.0,2001.25
16.306451612903224,16.5,3.282472186616968,2001.0,5.0,2001.3333333333333
17.09,16.6,3.324968239412739,2001.0,6.0,2001.4166666666667
20.070967741935487,20.6,2.845721179641123,2001.0,7.0,2001.5
20.15161290322581,20.5,2.2522390293131167,2001.0,8.0,2001.5833333333333
12.766666666666667,12.75,2.1088211011799003,2001.0,9.0,2001.6666666666667
14.051612903225807,13.5,2.3224801352206708,2001.0,10.0,2001.75
4.260000000000001,3.3,2.639566317565745,2001.0,11.0,2001.8333333333333
1.5161290322580645,1.5,4.541299136751769,2001.0,12.0,2001.9166666666667
1.4774193548387096,-0.2,4.168269799122841,2002.0,1.0,2002.0
6.260714285714284,6.7,2.510177695600864,2002.0,2.0,2002.0833333333333
7.5677419354838715,7.5,3.108095568755267,2002.0,3.0,2002.1666666666667
10.270000000000001,10.7,2.637154945560945,2002.0,4.0,2002.25
13.316129032258065,12.8,3.3654218927393083,2002.0,5.0,2002.3333333333333
20.40333333333333,20.700000000000003,4.327178210377731,2002.0,6.0,2002.4166666666667
19.7258064516129,19.3,2.139621110062166,2002.0,7.0,2002.5
18.35483870967742,18.2,1.8724028607963297,2002.0,8.0,2002.5833333333333
14.736666666666668,15.8,3.478255937652676,2002.0,9.0,2002.6666666666667
11.393548387096775,11.3,2.5818514653727296,2002.0,10.0,2002.75
7.779999999999999,8.0,2.065546600447613,2002.0,11.0,2002.8333333333333
5.638709677419355,5.4,2.144710923699639,2002.0,12.0,2002.9166666666667
1.5645161290322582,1.9,4.061325595344192,2003.0,1.0,2003.0
0.30357142857142855,0.2,2.8009895265856186,2003.0,2.0,2003.0833333333333
7.9,7.3,2.8442925306655784,2003.0,3.0,2003.1666666666667
10.736666666666666,11.95,4.242192287284825,2003.0,4.0,2003.25
15.819354838709678,16.7,3.099077212638058,2003.0,5.0,2003.3333333333333
24.046666666666667,24.2,1.942755478843056,2003.0,6.0,2003.4166666666667
22.38064516129032,22.4,3.0431802832824646,2003.0,7.0,2003.5
23.887096774193548,23.6,3.3956582018300834,2003.0,8.0,2003.5833333333333
15.639999999999999,15.649999999999999,1.7349550327075458,2003.0,9.0,2003.6666666666667
8.645161290322578,8.3,4.083694300481482,2003.0,10.0,2003.75
5.959999999999998,5.75,1.7097287544499868,2003.0,11.0,2003.8333333333333
3.0903225806451617,2.9,2.95006834256538,2003.0,12.0,2003.9166666666667
2.6774193548387095,1.8,3.6758409176150297,2004.0,1.0,2004.0
3.3689655172413797,3.4,2.5626581412214295,2004.0,2.0,2004.0833333333333
5.387096774193548,4.8,3.4608998767646035,2004.0,3.0,2004.1666666666667
10.423333333333334,10.7,2.924531596251144,2004.0,4.0,2004.25
13.925806451612905,14.1,3.3625355256547587,2004.0,5.0,2004.3333333333333
18.803333333333335,19.0,2.733506442513785,2004.0,6.0,2004.4166666666667
20.080645161290324,20.4,2.449274634776415,2004.0,7.0,2004.5
20.099999999999998,19.4,2.66320608790733,2004.0,8.0,2004.5833333333333
16.416666666666668,15.65,3.0534416233369246,2004.0,9.0,2004.6666666666667
13.554838709677421,14.2,3.0135072268789425,2004.0,10.0,2004.75
5.923333333333335,5.449999999999999,3.3401097786350276,2004.0,11.0,2004.8333333333333
2.841935483870967,2.8,2.188877062719358,2004.0,12.0,2004.9166666666667
1.316129032258064,2.4,3.8417961748981906,2005.0,1.0,2005.0
0.5535714285714286,0.2,2.4688402049691183,2005.0,2.0,2005.0833333333333
6.767741935483873,9.1,5.510740246511001,2005.0,3.0,2005.1666666666667
10.523333333333335,10.75,3.4833281086690184,2005.0,4.0,2005.25
15.319354838709677,14.1,3.9663937739327486,2005.0,5.0,2005.3333333333333
20.516666666666666,20.9,3.7578500211702432,2005.0,6.0,2005.4166666666667
20.88387096774193,20.5,3.433763413922936,2005.0,7.0,2005.5
18.57741935483871,18.9,1.6924754409679243,2005.0,8.0,2005.5833333333333
16.896666666666665,17.1,3.695802216432652,2005.0,9.0,2005.6666666666667
11.683870967741935,11.5,1.2811704997627622,2005.0,10.0,2005.75
4.84,5.5,4.729773633134006,2005.0,11.0,2005.8333333333333
0.4451612903225804,0.5,3.0812160705017555,2005.0,12.0,2005.9166666666667
0.27741935483870966,-0.1,2.3655456984833125,2006.0,1.0,2006.0
1.407142857142857,1.2,2.8927660185530453,2006.0,2.0,2006.0833333333333
5.067741935483871,5.0,5.151594387292422,2006.0,3.0,2006.1666666666667
10.176666666666668,10.600000000000001,3.3416579958038106,2006.0,4.0,2006.25
14.51290322580645,14.9,3.1211901507260413,2006.0,5.0,2006.3333333333333
19.546666666666663,21.35,4.149178010271377,2006.0,6.0,2006.4166666666667
23.709677419354836,23.7,2.2198130309720048,2006.0,7.0,2006.5
16.81935483870968,17.2,2.402001853293583,2006.0,8.0,2006.5833333333333
17.95333333333333,17.9,2.0962582976758166,2006.0,9.0,2006.6666666666667
13.600000000000001,13.5,1.9428501400434022,2006.0,10.0,2006.75
7.663333333333332,7.8999999999999995,2.6655507722683183,2006.0,11.0,2006.8333333333333
3.351612903225806,1.8,3.93750098139602,2006.0,12.0,2006.9166666666667
4.283870967741936,4.8,4.9738715151743085,2007.0,1.0,2007.0
5.610714285714285,5.5,1.891567894771187,2007.0,2.0,2007.0833333333333
6.703225806451615,7.4,2.596855004419479,2007.0,3.0,2007.1666666666667
14.33,15.25,3.4155980947452793,2007.0,4.0,2007.25
15.287096774193547,15.0,3.3884846107056834,2007.0,5.0,2007.3333333333333
18.589999999999996,19.0,2.8587856114815247,2007.0,6.0,2007.4166666666667
18.86774193548387,19.0,3.4182244023054027,2007.0,7.0,2007.5
18.674193548387095,18.7,2.9562327086947993,2007.0,8.0,2007.5833333333333
14.67333333333333,15.05,2.666255715461269,2007.0,9.0,2007.6666666666667
10.770967741935486,11.1,3.6888294031564266,2007.0,10.0,2007.75
4.18,4.25,3.1682041034913313,2007.0,11.0,2007.8333333333333
2.2677419354838713,1.4,3.5134396343919345,2007.0,12.0,2007.9166666666667
3.754838709677419,2.9,2.844508007802336,2008.0,1.0,2008.0
3.9172413793103447,3.3,3.494901282635814,2008.0,2.0,2008.0833333333333
6.032258064516129,6.1,3.400135987160337,2008.0,3.0,2008.1666666666667
9.166666666666664,8.65,2.95125143921545,2008.0,4.0,2008.25
15.767741935483873,15.8,1.728079299255717,2008.0,5.0,2008.3333333333333
18.523333333333333,17.049999999999997,4.338813069328375,2008.0,6.0,2008.4166666666667
19.95483870967742,19.5,2.7331104026581654,2008.0,7.0,2008.5
19.293548387096774,19.4,2.383825424798129,2008.0,8.0,2008.5833333333333
14.113333333333335,13.0,3.4263415025291954,2008.0,9.0,2008.6666666666667
11.180645161290322,11.2,3.3876657996166735,2008.0,10.0,2008.75
6.256666666666665,6.95,3.4704350649781484,2008.0,11.0,2008.8333333333333
1.6225806451612905,1.1,2.3772126082759693,2008.0,12.0,2008.9166666666667
-0.2451612903225805,-0.2,2.6395503038304864,2009.0,1.0,2009.0
1.7785714285714282,1.9,2.287058136697649,2009.0,2.0,2009.0833333333333
6.309677419354838,6.2,2.1878992723172725,2009.0,3.0,2009.1666666666667
12.393333333333333,12.95,2.0887107611342843,2009.0,4.0,2009.25
16.96451612903226,16.8,3.3583277968950336,2009.0,5.0,2009.3333333333333
18.219999999999995,18.25,2.3443843394448964,2009.0,6.0,2009.4166666666667
20.493548387096773,20.9,2.8495538228374127,2009.0,7.0,2009.5
21.212903225806453,20.9,2.496229414601667,2009.0,8.0,2009.5833333333333
16.580000000000002,16.65,1.9905639471230778,2009.0,9.0,2009.6666666666667
10.635483870967743,9.7,4.139126186938235,2009.0,10.0,2009.75
7.796666666666668,8.3,2.2667740001632475,2009.0,11.0,2009.8333333333333
2.319354838709677,3.4,3.7827167798500514,2009.0,12.0,2009.9166666666667
-0.3838709677419356,-0.6,2.26201927109291,2010.0,1.0,2010.0
1.9964285714285717,1.8,4.065981922575283,2010.0,2.0,2010.0833333333333
5.583870967741936,7.0,4.997672576589597,2010.0,3.0,2010.1666666666667
11.043333333333331,10.15,3.697499931998165,2010.0,4.0,2010.25
13.035483870967742,11.8,3.2282656217745127,2010.0,5.0,2010.3333333333333
17.643333333333334,17.5,2.8178841822132816,2010.0,6.0,2010.4166666666667
22.132258064516126,22.7,2.935459884103817,2010.0,7.0,2010.5
18.71935483870968,18.7,2.9216912174102987,2010.0,8.0,2010.5833333333333
14.373333333333335,14.9,2.588027252072757,2010.0,9.0,2010.6666666666667
10.087096774193547,10.2,3.5576904432964063,2010.0,10.0,2010.75
6.276666666666666,6.0,4.56422999007487,2010.0,11.0,2010.8333333333333
0.2741935483870967,-0.6,3.9361544466594536,2010.0,12.0,2010.9166666666667
2.529032258064516,1.7,3.8040499075228666,2011.0,1.0,2011.0
3.103571428571428,3.3499999999999996,2.0525471335513186,2011.0,2.0,2011.0833333333333
7.245161290322581,7.7,3.001870384685457,2011.0,3.0,2011.1666666666667
13.173333333333334,13.149999999999999,2.506121241712164,2011.0,4.0,2011.25
16.25161290322581,16.9,2.958025351225818,2011.0,5.0,2011.3333333333333
17.813333333333333,17.85,3.0946821276609926,2011.0,6.0,2011.4166666666667
17.80322580645161,17.3,2.6891738348382193,2011.0,7.0,2011.5
20.241935483870964,20.5,3.1736177246740964,2011.0,8.0,2011.5833333333333
17.220000000000002,17.0,2.7362697991596336,2011.0,9.0,2011.6666666666667
11.006451612903225,10.8,3.1379330228534164,2011.0,10.0,2011.75
6.5200000000000005,6.2,3.2372189000585907,2011.0,11.0,2011.8333333333333
4.158064516129032,4.7,3.2011221150869775,2011.0,12.0,2011.9166666666667
2.919354838709677,3.0,2.802905558503974,2012.0,1.0,2012.0
-2.0724137931034483,-0.7,4.926451675229789,2012.0,2.0,2012.0833333333333
8.570967741935485,8.8,2.595662221012472,2012.0,3.0,2012.1666666666667
10.213333333333333,9.2,3.256583076375196,2012.0,4.0,2012.25
15.109677419354838,14.5,3.400034787930821,2012.0,5.0,2012.3333333333333
19.066666666666666,20.1,3.517476890920667,2012.0,6.0,2012.4166666666667
19.790322580645164,19.4,2.195655534414825,2012.0,7.0,2012.5
20.687096774193552,20.6,2.87190319422317,2012.0,8.0,2012.5833333333333
15.546666666666662,15.6,2.815809228125265,2012.0,9.0,2012.6666666666667
11.219354838709679,12.3,4.327387152762331,2012.0,10.0,2012.75
7.036666666666666,6.5,2.7524889468077522,2012.0,11.0,2012.8333333333333
2.954838709677419,1.9,3.691055739638495,2012.0,12.0,2012.9166666666667
1.303225806451613,1.5,2.819986273130626,2013.0,1.0,2013.0
0.38214285714285723,0.25,2.5842906572323097,2013.0,2.0,2013.0833333333333
4.183870967741935,4.9,2.42502189326111,2013.0,3.0,2013.1666666666667
10.253333333333334,9.95,3.8624392269146703,2013.0,4.0,2013.25
11.516129032258064,11.3,2.266288709791635,2013.0,5.0,2013.3333333333333
16.96333333333333,16.65,3.574187472972567,2013.0,6.0,2013.4166666666667
21.5,21.4,2.1668717851625034,2013.0,7.0,2013.5
19.99677419354839,19.3,2.8118183761838464,2013.0,8.0,2013.5833333333333
15.919999999999998,16.0,2.5653392596772413,2013.0,9.0,2013.6666666666667
12.796774193548387,13.1,2.9216985779928017,2013.0,10.0,2013.75
5.900000000000001,5.45,4.041082135713924,2013.0,11.0,2013.8333333333333
1.5419354838709676,0.8,3.6394847797958425,2013.0,12.0,2013.9166666666667
4.106451612903226,4.0,2.1504938167579044,2014.0,1.0,2014.0
4.7857142857142865,4.55,1.124381076073768,2014.0,2.0,2014.0833333333333
7.783870967741937,7.1,2.69840653895264,2014.0,3.0,2014.1666666666667
11.830000000000002,12.600000000000001,2.2782555334865466,2014.0,4.0,2014.25
13.538709677419357,14.3,2.4934149834253208,2014.0,5.0,2014.3333333333333
19.14666666666666,19.4,2.692868401887671,2014.0,6.0,2014.4166666666667
18.403225806451612,18.5,2.4943247410829437,2014.0,7.0,2014.5
17.974193548387102,18.3,2.2998503925162153,2014.0,8.0,2014.5833333333333
16.69666666666667,16.65,2.184661787654277,2014.0,9.0,2014.6666666666667
13.693548387096774,14.8,3.0673479841573204,2014.0,10.0,2014.75
8.216666666666667,8.45,1.72168388570575,2014.0,11.0,2014.8333333333333
4.261290322580645,5.0,2.77580948185748,2014.0,12.0,2014.9166666666667
2.593548387096775,1.9,3.1060087447688622,2015.0,1.0,2015.0
1.6642857142857144,2.05,2.0450870280701876,2015.0,2.0,2015.0833333333333
7.329032258064518,7.1,2.163822782082226,2015.0,3.0,2015.1666666666667
11.173333333333336,12.5,2.969724628280557,2015.0,4.0,2015.25
15.306451612903226,15.3,2.8261794568959426,2015.0,5.0,2015.3333333333333
19.903333333333332,19.95,2.11015334192489,2015.0,6.0,2015.4166666666667
24.19677419354839,24.6,3.6390918162794175,2015.0,7.0,2015.5
20.81612903225807,20.4,3.2510610344105144,2015.0,8.0,2015.5833333333333
14.756666666666668,14.649999999999999,2.42055612494794,2015.0,9.0,2015.6666666666667
10.09677419354839,10.1,2.2023447914995415,2015.0,10.0,2015.75
7.109999999999999,7.95,3.4485729182393396,2015.0,11.0,2015.8333333333333
3.9193548387096775,4.1,2.138444817281741,2015.0,12.0,2015.9166666666667
4.161290322580645,4.5,2.997407481958905,2016.0,1.0,2016.0
4.979310344827587,4.6,2.4300763230731235,2016.0,2.0,2016.0833333333333
5.72258064516129,5.2,3.093618127416435,2016.0,3.0,2016.1666666666667
9.979999999999999,10.6,2.74997178668913,2016.0,4.0,2016.25
13.30967741935484,13.0,3.009690442410944,2016.0,5.0,2016.3333333333333
17.69,16.8,3.034894760431826,2016.0,6.0,2016.4166666666667
20.822580645161292,21.2,2.9106367776850655,2016.0,7.0,2016.5
20.403225806451612,20.5,2.5113719850535543,2016.0,8.0,2016.5833333333333
18.5,18.65,2.8690981401707116,2016.0,9.0,2016.6666666666667
9.919354838709676,9.6,2.3452674836556433,2016.0,10.0,2016.75
6.173333333333334,6.949999999999999,2.8720932332063813,2016.0,11.0,2016.8333333333333
1.3516129032258064,1.6,1.4410345745891353,2016.0,12.0,2016.9166666666667
-0.9322580645161292,-1.6,2.4668991462663126,2017.0,1.0,2017.0
4.792857142857143,3.9,2.649658059200815,2017.0,2.0,2017.0833333333333
8.73225806451613,9.2,2.793968157391227,2017.0,3.0,2017.1666666666667
10.473333333333333,11.0,2.7272486240662523,2017.0,4.0,2017.25
15.045161290322584,14.2,4.854334057291993,2017.0,5.0,2017.3333333333333
20.869999999999994,21.1,3.831552309893247,2017.0,6.0,2017.4166666666667
21.36451612903226,21.3,2.777474678804084,2017.0,7.0,2017.5
21.154838709677414,21.8,3.6497341190537353,2017.0,8.0,2017.5833333333333
14.050000000000002,14.0,2.5318318296824347,2017.0,9.0,2017.6666666666667
11.76774193548387,12.3,2.3271423243646834,2017.0,10.0,2017.75
5.7266666666666675,5.4,2.8858672674011654,2017.0,11.0,2017.8333333333333
2.454838709677419,2.3,2.4001164846283913,2017.0,12.0,2017.9166666666667
5.996774193548387,6.0,2.0614693580013492,2018.0,1.0,2018.0
1.2214285714285715,1.65,3.2173553831331194,2018.0,2.0,2018.0833333333333
5.325806451612902,5.7,2.891593302654609,2018.0,3.0,2018.1666666666667
13.266666666666667,14.05,3.608355565220461,2018.0,4.0,2018.25
15.487096774193546,15.4,2.813034178662353,2018.0,5.0,2018.3333333333333
19.650000000000002,19.65,1.9175685034744498,2018.0,6.0,2018.4166666666667
22.27096774193548,22.3,1.8952912790012157,2018.0,7.0,2018.5
21.680645161290318,21.4,3.1712688685381343,2018.0,8.0,2018.5833333333333
17.94333333333333,18.25,2.850370010262229,2018.0,9.0,2018.6666666666667
12.274193548387094,13.0,3.294942360844924,2018.0,10.0,2018.75
6.920000000000001,7.6,2.771455487147751,2018.0,11.0,2018.8333333333333
4.858064516129031,4.5,3.35487448285311,2018.0,12.0,2018.9166666666667
1.780645161290323,1.5,1.770766191010492,2019.0,1.0,2019.0
3.875,3.65,2.5661074426857904,2019.0,2.0,2019.0833333333333
8.158064516129034,8.4,1.9400642933587513,2019.0,3.0,2019.1666666666667
10.263333333333332,9.8,3.57090574169803,2019.0,4.0,2019.25
12.393548387096772,12.4,2.797252876647726,2019.0,5.0,2019.3333333333333
19.913333333333334,19.549999999999997,4.253009752401585,2019.0,6.0,2019.4166666666667
22.64516129032258,22.1,2.5388762224886583,2019.0,7.0,2019.5
20.625806451612906,20.4,2.551073988465183,2019.0,8.0,2019.5833333333333
17.219999999999995,17.15,2.359193316252035,2019.0,9.0,2019.6666666666667
13.158064516129034,13.6,1.6710823226377143,2019.0,10.0,2019.75
6.336666666666667,5.4,2.8545768855300255,2019.0,11.0,2019.8333333333333
4.922580645161291,5.2,2.4982273285164096,2019.0,12.0,2019.9166666666667
3.1451612903225805,3.2,2.365141110614392,2020.0,1.0,2020.0
7.089655172413792,6.7,3.1935587882470786,2020.0,2.0,2020.0833333333333
7.396774193548387,6.4,2.5251381310029677,2020.0,3.0,2020.1666666666667
12.963333333333333,14.0,2.73186602051107,2020.0,4.0,2020.25
15.629032258064516,16.4,2.964365423761281,2020.0,5.0,2020.3333333333333
17.926666666666666,17.35,3.5198876680090656,2020.0,6.0,2020.4166666666667
22.1516129032258,21.5,2.4642606690772975,2020.0,7.0,2020.5
21.18064516129032,21.2,3.4400987732756265,2020.0,8.0,2020.5833333333333
17.313333333333333,18.6,4.110099699548648,2020.0,9.0,2020.6666666666667
10.264516129032256,10.9,1.8456341976128015,2020.0,10.0,2020.75
6.833333333333333,7.7,3.3799952390635033,2020.0,11.0,2020.8333333333333
3.925806451612903,3.1,2.496526619383483,2020.0,12.0,2020.9166666666667
2.329032258064516,1.5,3.101955678641793,2021.0,1.0,2021.0
5.54642857142857,6.5,3.6585245095942147,2021.0,2.0,2021.0833333333333
6.693548387096774,6.0,2.5679999330050576,2021.0,3.0,2021.1666666666667
9.443333333333332,9.7,3.4674529391265674,2021.0,4.0,2021.25
12.261290322580644,11.7,2.5657588116520014,2021.0,5.0,2021.3333333333333
19.856666666666662,19.75,2.3979421254028654,2021.0,6.0,2021.4166666666667
19.551612903225806,19.8,2.1719224921317886,2021.0,7.0,2021.5
15.799999999999999,15.799999999999999,0.8485281374238566,2021.0,8.0,2021.5833333333333
